EMPLOYEE_ID,EMPLOYEE_NAME,USERNAME,ROLE_NAME,STORE_ID,REGION,EMAIL,PHONE,JOINED_AT
E00001,Rohit Das,ROHITDAS380,MARKETING_ANALYST,S153,SOUTH,rohitdas380@falhari.in,910365354237,2019-10-15
E00002,Rahul Malhotra,RAHULMALHOTRA435,DATA_PRIVILEGED,S099,SOUTH,rahulmalhotra435@falhari.in,912267617479,2018-02-18
E00003,Rahul Khan,RAHULKHAN770,MARKETING_ANALYST,S043,NORTH,rahulkhan770@falhari.in,912420596425,2021-03-29
E00004,Swati Bose,SWATIBOSE546,STORE_MANAGER,S097,NORTH,swatibose546@falhari.in,914371960348,2023-06-13
E00005,Isha Iyer,ISHAIYER112,DATA_PRIVILEGED,S012,NORTH,ishaiyer112@falhari.in,911565399521,2019-01-28
E00006,Sanjay Rao,SANJAYRAO832,REGIONAL_MANAGER,S066,EAST,sanjayrao832@falhari.in,910150437908,2022-08-31
E00007,Pooja Sharma,POOJASHARMA544,OPERATIONS_EXEC,S062,NORTH,poojasharma544@falhari.in,915855836454,2023-01-11
E00008,Neha Pandey,NEHAPANDEY460,OPERATIONS_EXEC,S145,EAST,nehapandey460@falhari.in,917425429043,2022-04-25
E00009,Aditya Patel,ADITYAPATEL817,DATA_PRIVILEGED,S084,WEST,adityapatel817@falhari.in,916849785078,2022-11-01
E00010,Riya Patel,RIYAPATEL782,MARKETING_ANALYST,S060,SOUTH,riyapatel782@falhari.in,910815808678,2020-12-07
E00011,Neha Gupta,NEHAGUPTA111,OPERATIONS_EXEC,S057,EAST,nehagupta111@falhari.in,912467199927,2021-10-09
E00012,Ananya Mehta,ANANYAMEHTA450,STORE_MANAGER,S006,CENTRAL,ananyamehta450@falhari.in,910295963518,2023-06-14
E00013,Neha Bose,NEHABOSE57,MARKETING_ANALYST,S053,WEST,nehabose57@falhari.in,912093613014,2021-06-30
E00014,Meera Rao,MEERARAO810,STORE_MANAGER,S160,WEST,meerarao810@falhari.in,917294103675,2023-12-14
E00015,Amit Chopra,AMITCHOPRA582,REGIONAL_MANAGER,S040,NORTH,amitchopra582@falhari.in,918940117130,2020-10-14
E00016,Riya Sharma,RIYASHARMA634,DATA_PRIVILEGED,S026,SOUTH,riyasharma634@falhari.in,918467908773,2023-05-03
E00017,Karan Gupta,KARANGUPTA999,DATA_PRIVILEGED,S147,SOUTH,karangupta999@falhari.in,912759274601,2018-06-26
E00018,Amit Chopra,AMITCHOPRA653,OPERATIONS_EXEC,S167,SOUTH,amitchopra653@falhari.in,917740097018,2020-06-01
E00019,Vikram Khan,VIKRAMKHAN645,DATA_PRIVILEGED,S098,CENTRAL,vikramkhan645@falhari.in,911806108537,2018-06-17
E00020,Amit Mukherjee,AMITMUKHERJEE64,STORE_MANAGER,S026,SOUTH,amitmukherjee64@falhari.in,910222126839,2018-06-21
E00021,Sanjay Gupta,SANJAYGUPTA866,STORE_MANAGER,S032,CENTRAL,sanjaygupta866@falhari.in,911816934910,2022-04-14
E00022,Manish Malhotra,MANISHMALHOTRA631,OPERATIONS_EXEC,S123,EAST,manishmalhotra631@falhari.in,911014941163,2020-01-06
E00023,Pooja Singh,POOJASINGH762,REGIONAL_MANAGER,S093,WEST,poojasingh762@falhari.in,911964295861,2022-11-08
E00024,Manish Singh,MANISHSINGH112,STORE_MANAGER,S125,EAST,manishsingh112@falhari.in,910254496550,2019-10-06
E00025,Rahul Patel,RAHULPATEL923,STORE_MANAGER,S133,WEST,rahulpatel923@falhari.in,912548057595,2018-01-09
E00026,Ananya Das,ANANYADAS146,MARKETING_ANALYST,S167,SOUTH,ananyadas146@falhari.in,912633523175,2021-03-23
E00027,Aditya Bose,ADITYABOSE510,STORE_MANAGER,S176,NORTH,adityabose510@falhari.in,913202061392,2018-02-28
E00028,Isha Gupta,ISHAGUPTA797,OPERATIONS_EXEC,S107,CENTRAL,ishagupta797@falhari.in,917674482287,2018-02-14
E00029,Riya Mehta,RIYAMEHTA630,STORE_MANAGER,S012,NORTH,riyamehta630@falhari.in,914963096667,2022-11-25
E00030,Ananya Joshi,ANANYAJOSHI388,STORE_MANAGER,S162,NORTH,ananyajoshi388@falhari.in,912964991047,2019-05-19
E00031,Meera Das,MEERADAS842,OPERATIONS_EXEC,S084,WEST,meeradas842@falhari.in,914584465771,2020-10-01
E00032,Manish Gupta,MANISHGUPTA353,REGIONAL_MANAGER,S066,EAST,manishgupta353@falhari.in,912789328732,2019-12-12
E00033,Manish Chopra,MANISHCHOPRA437,MARKETING_ANALYST,S066,EAST,manishchopra437@falhari.in,918427494645,2021-01-31
E00034,Priya Mehta,PRIYAMEHTA914,STORE_MANAGER,S185,NORTH,priyamehta914@falhari.in,910214366594,2022-01-10
E00035,Karan Kulkarni,KARANKULKARNI567,REGIONAL_MANAGER,S056,CENTRAL,karankulkarni567@falhari.in,912345335668,2019-10-26
E00036,Vikram Pillai,VIKRAMPILLAI614,DATA_PRIVILEGED,S094,SOUTH,vikrampillai614@falhari.in,917549203980,2019-04-09
E00037,Karan Nair,KARANNAIR829,DATA_PRIVILEGED,S164,CENTRAL,karannair829@falhari.in,916191577014,2019-01-01
E00038,Sneha Iyer,SNEHAIYER365,OPERATIONS_EXEC,S028,SOUTH,snehaiyer365@falhari.in,916231539428,2018-10-28
E00039,Sneha Khan,SNEHAKHAN559,DATA_PRIVILEGED,S185,NORTH,snehakhan559@falhari.in,916509163975,2018-04-03
E00040,Neha Bose,NEHABOSE840,OPERATIONS_EXEC,S193,SOUTH,nehabose840@falhari.in,912151098100,2020-12-20
E00041,Kiran Nair,KIRANNAIR16,STORE_MANAGER,S036,WEST,kirannair16@falhari.in,917732065694,2019-08-22
E00042,Manish Malhotra,MANISHMALHOTRA644,REGIONAL_MANAGER,S142,CENTRAL,manishmalhotra644@falhari.in,910826326763,2019-02-16
E00043,Rohit Das,ROHITDAS253,STORE_MANAGER,S192,EAST,rohitdas253@falhari.in,910753987141,2020-12-26
E00044,Ananya Malhotra,ANANYAMALHOTRA739,MARKETING_ANALYST,S035,NORTH,ananyamalhotra739@falhari.in,919306461438,2020-04-06
E00045,Aditya Iyer,ADITYAIYER423,DATA_PRIVILEGED,S077,CENTRAL,adityaiyer423@falhari.in,912895405847,2020-11-29
E00046,Isha Kulkarni,ISHAKULKARNI810,OPERATIONS_EXEC,S075,EAST,ishakulkarni810@falhari.in,917528972459,2023-02-20
E00047,Nikhil Kulkarni,NIKHILKULKARNI966,OPERATIONS_EXEC,S140,EAST,nikhilkulkarni966@falhari.in,912245540421,2018-03-29
E00048,Amit Gupta,AMITGUPTA308,OPERATIONS_EXEC,S157,EAST,amitgupta308@falhari.in,916117785453,2018-05-09
E00049,Neha Bose,NEHABOSE721,OPERATIONS_EXEC,S140,EAST,nehabose721@falhari.in,916626923395,2020-09-15
E00050,Amit Verma,AMITVERMA764,REGIONAL_MANAGER,S168,WEST,amitverma764@falhari.in,915539525637,2023-06-20
E00051,Karan Gupta,KARANGUPTA180,MARKETING_ANALYST,S041,SOUTH,karangupta180@falhari.in,914587013111,2022-12-28
E00052,Neha Gupta,NEHAGUPTA503,REGIONAL_MANAGER,S171,CENTRAL,nehagupta503@falhari.in,913583624921,2021-10-11
E00053,Rohit Reddy,ROHITREDDY440,OPERATIONS_EXEC,S080,EAST,rohitreddy440@falhari.in,914387871713,2021-08-18
E00054,Swati Mehta,SWATIMEHTA357,OPERATIONS_EXEC,S175,SOUTH,swatimehta357@falhari.in,919105482562,2023-06-06
E00055,Karan Pandey,KARANPANDEY435,MARKETING_ANALYST,S051,WEST,karanpandey435@falhari.in,913161209928,2022-09-20
E00056,Pooja Mukherjee,POOJAMUKHERJEE572,MARKETING_ANALYST,S040,NORTH,poojamukherjee572@falhari.in,917751536720,2022-12-06
E00057,Neha Verma,NEHAVERMA847,DATA_PRIVILEGED,S097,NORTH,nehaverma847@falhari.in,919912856859,2021-02-01
E00058,Kiran Iyer,KIRANIYER431,MARKETING_ANALYST,S147,SOUTH,kiraniyer431@falhari.in,913311156854,2018-04-27
E00059,Ananya Chopra,ANANYACHOPRA767,REGIONAL_MANAGER,S026,SOUTH,ananyachopra767@falhari.in,918060363235,2019-05-17
E00060,Pooja Reddy,POOJAREDDY888,REGIONAL_MANAGER,S038,EAST,poojareddy888@falhari.in,919165613073,2023-10-13
E00061,Manish Iyer,MANISHIYER664,MARKETING_ANALYST,S131,CENTRAL,manishiyer664@falhari.in,914544300745,2023-01-21
E00062,Riya Mukherjee,RIYAMUKHERJEE943,MARKETING_ANALYST,S032,CENTRAL,riyamukherjee943@falhari.in,914651831633,2019-12-18
E00063,Neha Nair,NEHANAIR880,REGIONAL_MANAGER,S181,WEST,nehanair880@falhari.in,916305757866,2018-08-17
E00064,Manish Verma,MANISHVERMA192,MARKETING_ANALYST,S006,CENTRAL,manishverma192@falhari.in,917666069508,2022-01-18
E00065,Vikram Malhotra,VIKRAMMALHOTRA84,STORE_MANAGER,S108,NORTH,vikrammalhotra84@falhari.in,918965532647,2021-01-15
E00066,Sneha Rao,SNEHARAO66,REGIONAL_MANAGER,S173,WEST,sneharao66@falhari.in,914043968483,2021-07-27
E00067,Nikhil Chopra,NIKHILCHOPRA52,STORE_MANAGER,S002,WEST,nikhilchopra52@falhari.in,911820871638,2019-05-14
E00068,Nikhil Mehta,NIKHILMEHTA728,OPERATIONS_EXEC,S162,NORTH,nikhilmehta728@falhari.in,912719189938,2019-03-10
E00069,Swati Kulkarni,SWATIKULKARNI490,OPERATIONS_EXEC,S033,EAST,swatikulkarni490@falhari.in,911650181757,2022-09-21
E00070,Amit Gupta,AMITGUPTA524,STORE_MANAGER,S134,NORTH,amitgupta524@falhari.in,916752262491,2021-09-29
E00071,Vikram Pillai,VIKRAMPILLAI630,REGIONAL_MANAGER,S044,WEST,vikrampillai630@falhari.in,918166517731,2020-04-24
E00072,Rohit Pandey,ROHITPANDEY787,DATA_PRIVILEGED,S075,EAST,rohitpandey787@falhari.in,919313527625,2021-11-04
E00073,Swati Nair,SWATINAIR976,DATA_PRIVILEGED,S109,SOUTH,swatinair976@falhari.in,915118256651,2022-04-20
E00074,Karan Pandey,KARANPANDEY113,DATA_PRIVILEGED,S044,WEST,karanpandey113@falhari.in,917154836281,2020-03-10
E00075,Kiran Gupta,KIRANGUPTA240,MARKETING_ANALYST,S007,CENTRAL,kirangupta240@falhari.in,913346074968,2022-12-12
E00076,Sanjay Bose,SANJAYBOSE309,MARKETING_ANALYST,S110,SOUTH,sanjaybose309@falhari.in,915448218739,2019-12-26
E00077,Sneha Singh,SNEHASINGH916,MARKETING_ANALYST,S084,WEST,snehasingh916@falhari.in,918877405031,2021-10-26
E00078,Rohit Mehta,ROHITMEHTA318,DATA_PRIVILEGED,S096,NORTH,rohitmehta318@falhari.in,910865699638,2023-07-02
E00079,Rahul Das,RAHULDAS491,DATA_PRIVILEGED,S021,SOUTH,rahuldas491@falhari.in,913412538341,2018-04-15
E00080,Meera Khan,MEERAKHAN796,DATA_PRIVILEGED,S035,NORTH,meerakhan796@falhari.in,919976656206,2023-08-06
E00081,Priya Nair,PRIYANAIR914,OPERATIONS_EXEC,S060,SOUTH,priyanair914@falhari.in,913677744108,2020-10-28
E00082,Karan Joshi,KARANJOSHI481,STORE_MANAGER,S192,EAST,karanjoshi481@falhari.in,911820034093,2021-10-05
E00083,Aditya Patel,ADITYAPATEL489,STORE_MANAGER,S125,EAST,adityapatel489@falhari.in,913203106664,2022-11-20
E00084,Neha Gupta,NEHAGUPTA863,OPERATIONS_EXEC,S069,SOUTH,nehagupta863@falhari.in,917887978884,2021-12-03
E00085,Aditya Mukherjee,ADITYAMUKHERJEE635,MARKETING_ANALYST,S120,WEST,adityamukherjee635@falhari.in,919711491794,2022-09-03
E00086,Rohit Pandey,ROHITPANDEY56,DATA_PRIVILEGED,S151,NORTH,rohitpandey56@falhari.in,912395108327,2023-10-18
E00087,Arjun Chopra,ARJUNCHOPRA533,DATA_PRIVILEGED,S139,CENTRAL,arjunchopra533@falhari.in,919984200326,2021-09-17
E00088,Priya Nair,PRIYANAIR51,MARKETING_ANALYST,S036,WEST,priyanair51@falhari.in,914114207651,2020-07-02
E00089,Karan Reddy,KARANREDDY183,OPERATIONS_EXEC,S073,WEST,karanreddy183@falhari.in,919576039610,2021-01-12
E00090,Nikhil Patel,NIKHILPATEL774,OPERATIONS_EXEC,S123,EAST,nikhilpatel774@falhari.in,910453868761,2019-08-11
E00091,Nikhil Bose,NIKHILBOSE422,DATA_PRIVILEGED,S097,NORTH,nikhilbose422@falhari.in,912135456143,2019-05-09
E00092,Neha Mehta,NEHAMEHTA957,OPERATIONS_EXEC,S161,EAST,nehamehta957@falhari.in,913489953120,2018-05-11
E00093,Aditya Reddy,ADITYAREDDY591,STORE_MANAGER,S080,EAST,adityareddy591@falhari.in,910024170364,2020-01-21
E00094,Isha Mukherjee,ISHAMUKHERJEE741,REGIONAL_MANAGER,S056,CENTRAL,ishamukherjee741@falhari.in,911342414718,2023-05-30
E00095,Arjun Patel,ARJUNPATEL866,STORE_MANAGER,S195,WEST,arjunpatel866@falhari.in,917794292101,2023-07-21
E00096,Vikram Mukherjee,VIKRAMMUKHERJEE914,MARKETING_ANALYST,S139,CENTRAL,vikrammukherjee914@falhari.in,912151750796,2020-08-24
E00097,Rohit Nair,ROHITNAIR148,MARKETING_ANALYST,S176,NORTH,rohitnair148@falhari.in,910496196519,2022-06-12
E00098,Arjun Patel,ARJUNPATEL493,STORE_MANAGER,S071,NORTH,arjunpatel493@falhari.in,915706586862,2020-05-27
E00099,Manish Pillai,MANISHPILLAI381,DATA_PRIVILEGED,S119,SOUTH,manishpillai381@falhari.in,911712199939,2018-12-20
E00100,Riya Chopra,RIYACHOPRA739,DATA_PRIVILEGED,S001,NORTH,riyachopra739@falhari.in,917002279624,2021-06-07
E00101,Sanjay Patel,SANJAYPATEL454,OPERATIONS_EXEC,S075,EAST,sanjaypatel454@falhari.in,913003987806,2021-03-20
E00102,Meera Reddy,MEERAREDDY854,OPERATIONS_EXEC,S079,EAST,meerareddy854@falhari.in,919186849874,2020-03-03
E00103,Ananya Sharma,ANANYASHARMA215,OPERATIONS_EXEC,S037,EAST,ananyasharma215@falhari.in,912686870375,2022-03-05
E00104,Riya Kulkarni,RIYAKULKARNI377,MARKETING_ANALYST,S084,WEST,riyakulkarni377@falhari.in,917653092464,2020-04-20
E00105,Amit Pillai,AMITPILLAI115,REGIONAL_MANAGER,S034,WEST,amitpillai115@falhari.in,912257504122,2022-09-23
E00106,Arjun Das,ARJUNDAS771,REGIONAL_MANAGER,S178,EAST,arjundas771@falhari.in,915094557314,2019-09-10
E00107,Meera Malhotra,MEERAMALHOTRA182,REGIONAL_MANAGER,S169,NORTH,meeramalhotra182@falhari.in,914776038280,2023-05-26
E00108,Rohit Verma,ROHITVERMA51,REGIONAL_MANAGER,S066,EAST,rohitverma51@falhari.in,915886417939,2022-05-13
E00109,Swati Mukherjee,SWATIMUKHERJEE618,REGIONAL_MANAGER,S169,NORTH,swatimukherjee618@falhari.in,913933833876,2023-09-30
E00110,Karan Kulkarni,KARANKULKARNI737,DATA_PRIVILEGED,S134,NORTH,karankulkarni737@falhari.in,919825817386,2019-02-24
E00111,Arjun Khan,ARJUNKHAN185,REGIONAL_MANAGER,S064,CENTRAL,arjunkhan185@falhari.in,915079937873,2022-01-14
E00112,Vikram Gupta,VIKRAMGUPTA594,OPERATIONS_EXEC,S134,NORTH,vikramgupta594@falhari.in,910684960334,2019-12-24
E00113,Swati Pandey,SWATIPANDEY743,MARKETING_ANALYST,S015,EAST,swatipandey743@falhari.in,918672266281,2018-08-20
E00114,Manish Chopra,MANISHCHOPRA451,DATA_PRIVILEGED,S190,SOUTH,manishchopra451@falhari.in,917867397181,2018-07-05
E00115,Neha Joshi,NEHAJOSHI449,MARKETING_ANALYST,S111,WEST,nehajoshi449@falhari.in,918993305374,2018-06-25
E00116,Meera Patel,MEERAPATEL998,MARKETING_ANALYST,S036,WEST,meerapatel998@falhari.in,916103324877,2020-02-09
E00117,Arjun Khan,ARJUNKHAN112,OPERATIONS_EXEC,S138,EAST,arjunkhan112@falhari.in,914919866132,2021-05-18
E00118,Amit Chopra,AMITCHOPRA244,MARKETING_ANALYST,S121,WEST,amitchopra244@falhari.in,912476398572,2022-06-14
E00119,Aditya Reddy,ADITYAREDDY36,STORE_MANAGER,S120,WEST,adityareddy36@falhari.in,912843858009,2023-09-24
E00120,Meera Malhotra,MEERAMALHOTRA921,OPERATIONS_EXEC,S042,EAST,meeramalhotra921@falhari.in,914505149048,2023-03-29
E00121,Isha Khan,ISHAKHAN739,OPERATIONS_EXEC,S125,EAST,ishakhan739@falhari.in,915434536499,2022-05-24
E00122,Sneha Verma,SNEHAVERMA500,DATA_PRIVILEGED,S185,NORTH,snehaverma500@falhari.in,919977222264,2022-04-01
E00123,Rohit Reddy,ROHITREDDY957,REGIONAL_MANAGER,S061,WEST,rohitreddy957@falhari.in,910027027507,2022-09-15
E00124,Swati Mukherjee,SWATIMUKHERJEE783,DATA_PRIVILEGED,S178,EAST,swatimukherjee783@falhari.in,919380514538,2022-03-26
E00125,Swati Sharma,SWATISHARMA120,DATA_PRIVILEGED,S133,WEST,swatisharma120@falhari.in,911207500069,2018-11-28
E00126,Neha Khan,NEHAKHAN543,MARKETING_ANALYST,S146,SOUTH,nehakhan543@falhari.in,913922445565,2020-01-19
E00127,Karan Patel,KARANPATEL131,STORE_MANAGER,S078,WEST,karanpatel131@falhari.in,918944139995,2018-12-16
E00128,Manish Chopra,MANISHCHOPRA578,OPERATIONS_EXEC,S051,WEST,manishchopra578@falhari.in,913038156959,2018-06-20
E00129,Riya Sharma,RIYASHARMA358,DATA_PRIVILEGED,S154,WEST,riyasharma358@falhari.in,915106361128,2023-06-09
E00130,Kiran Verma,KIRANVERMA722,OPERATIONS_EXEC,S166,EAST,kiranverma722@falhari.in,911173069938,2019-08-19
E00131,Rohit Rao,ROHITRAO322,REGIONAL_MANAGER,S140,EAST,rohitrao322@falhari.in,917899996289,2020-08-18
E00132,Amit Patel,AMITPATEL566,MARKETING_ANALYST,S015,EAST,amitpatel566@falhari.in,915218505608,2020-02-17
E00133,Sneha Joshi,SNEHAJOSHI99,REGIONAL_MANAGER,S168,WEST,snehajoshi99@falhari.in,916048589654,2018-10-06
E00134,Pooja Rao,POOJARAO279,STORE_MANAGER,S153,SOUTH,poojarao279@falhari.in,913865471927,2018-07-30
E00135,Neha Rao,NEHARAO523,DATA_PRIVILEGED,S079,EAST,neharao523@falhari.in,918705662300,2022-03-02
E00136,Arjun Sharma,ARJUNSHARMA599,MARKETING_ANALYST,S070,EAST,arjunsharma599@falhari.in,916150123506,2022-06-05
E00137,Neha Chopra,NEHACHOPRA444,STORE_MANAGER,S093,WEST,nehachopra444@falhari.in,910590855765,2023-06-09
E00138,Pooja Joshi,POOJAJOSHI218,DATA_PRIVILEGED,S147,SOUTH,poojajoshi218@falhari.in,913919474372,2018-06-20
E00139,Karan Reddy,KARANREDDY891,REGIONAL_MANAGER,S022,SOUTH,karanreddy891@falhari.in,919609102764,2023-07-30
E00140,Rohit Das,ROHITDAS192,MARKETING_ANALYST,S173,WEST,rohitdas192@falhari.in,913211190266,2019-07-02
E00141,Isha Mukherjee,ISHAMUKHERJEE461,REGIONAL_MANAGER,S162,NORTH,ishamukherjee461@falhari.in,918133098314,2022-02-24
E00142,Ananya Nair,ANANYANAIR503,OPERATIONS_EXEC,S197,NORTH,ananyanair503@falhari.in,910346332874,2019-09-21
E00143,Neha Malhotra,NEHAMALHOTRA328,DATA_PRIVILEGED,S142,CENTRAL,nehamalhotra328@falhari.in,916680580005,2021-12-03
E00144,Karan Kulkarni,KARANKULKARNI119,MARKETING_ANALYST,S121,WEST,karankulkarni119@falhari.in,915015438578,2019-03-13
E00145,Pooja Verma,POOJAVERMA985,DATA_PRIVILEGED,S117,SOUTH,poojaverma985@falhari.in,919491488151,2021-04-23
E00146,Rahul Malhotra,RAHULMALHOTRA417,STORE_MANAGER,S153,SOUTH,rahulmalhotra417@falhari.in,919541710065,2022-08-27
E00147,Vikram Chopra,VIKRAMCHOPRA401,DATA_PRIVILEGED,S138,EAST,vikramchopra401@falhari.in,918545536377,2022-10-10
E00148,Meera Khan,MEERAKHAN619,OPERATIONS_EXEC,S091,NORTH,meerakhan619@falhari.in,919902344238,2019-02-23
E00149,Meera Patel,MEERAPATEL189,DATA_PRIVILEGED,S110,SOUTH,meerapatel189@falhari.in,914849186146,2019-10-19
E00150,Pooja Pillai,POOJAPILLAI240,DATA_PRIVILEGED,S056,CENTRAL,poojapillai240@falhari.in,915805331513,2018-11-13
E00151,Karan Khan,KARANKHAN442,STORE_MANAGER,S028,SOUTH,karankhan442@falhari.in,917027847344,2023-02-12
E00152,Nikhil Mehta,NIKHILMEHTA457,REGIONAL_MANAGER,S192,EAST,nikhilmehta457@falhari.in,912391761968,2019-10-20
E00153,Ananya Khan,ANANYAKHAN535,OPERATIONS_EXEC,S088,CENTRAL,ananyakhan535@falhari.in,918431357408,2023-01-07
E00154,Kiran Bose,KIRANBOSE281,STORE_MANAGER,S116,WEST,kiranbose281@falhari.in,913972961756,2021-10-30
E00155,Manish Mukherjee,MANISHMUKHERJEE604,OPERATIONS_EXEC,S015,EAST,manishmukherjee604@falhari.in,916183442511,2023-09-04
E00156,Priya Pandey,PRIYAPANDEY324,MARKETING_ANALYST,S086,NORTH,priyapandey324@falhari.in,915192415286,2020-08-28
E00157,Kiran Kulkarni,KIRANKULKARNI258,STORE_MANAGER,S018,SOUTH,kirankulkarni258@falhari.in,916170649144,2021-08-25
E00158,Karan Nair,KARANNAIR505,MARKETING_ANALYST,S046,WEST,karannair505@falhari.in,910156914616,2021-05-08
E00159,Rohit Khan,ROHITKHAN903,DATA_PRIVILEGED,S059,WEST,rohitkhan903@falhari.in,913768409134,2018-10-21
E00160,Riya Pillai,RIYAPILLAI71,STORE_MANAGER,S159,NORTH,riyapillai71@falhari.in,910719571451,2021-06-30
E00161,Nikhil Khan,NIKHILKHAN102,MARKETING_ANALYST,S150,CENTRAL,nikhilkhan102@falhari.in,915583873680,2023-03-28
E00162,Ananya Pandey,ANANYAPANDEY404,DATA_PRIVILEGED,S186,NORTH,ananyapandey404@falhari.in,911808438816,2021-06-27
E00163,Aditya Singh,ADITYASINGH879,DATA_PRIVILEGED,S183,SOUTH,adityasingh879@falhari.in,912309907046,2021-02-02
E00164,Rahul Reddy,RAHULREDDY4,REGIONAL_MANAGER,S006,CENTRAL,rahulreddy4@falhari.in,910604519908,2018-12-09
E00165,Aditya Mukherjee,ADITYAMUKHERJEE237,REGIONAL_MANAGER,S014,NORTH,adityamukherjee237@falhari.in,910276327223,2023-07-26
E00166,Isha Malhotra,ISHAMALHOTRA628,MARKETING_ANALYST,S016,SOUTH,ishamalhotra628@falhari.in,914326059047,2020-08-15
E00167,Neha Mehta,NEHAMEHTA336,REGIONAL_MANAGER,S043,NORTH,nehamehta336@falhari.in,916549305397,2020-02-17
E00168,Kiran Khan,KIRANKHAN99,REGIONAL_MANAGER,S174,NORTH,kirankhan99@falhari.in,915996426060,2018-04-15
E00169,Swati Kulkarni,SWATIKULKARNI638,DATA_PRIVILEGED,S041,SOUTH,swatikulkarni638@falhari.in,917405143164,2019-01-09
E00170,Rohit Pandey,ROHITPANDEY630,STORE_MANAGER,S180,CENTRAL,rohitpandey630@falhari.in,913656402542,2022-10-20
E00171,Priya Verma,PRIYAVERMA423,REGIONAL_MANAGER,S139,CENTRAL,priyaverma423@falhari.in,919223843579,2020-02-08
E00172,Pooja Pandey,POOJAPANDEY327,OPERATIONS_EXEC,S077,CENTRAL,poojapandey327@falhari.in,915892251747,2021-08-12
E00173,Ananya Pandey,ANANYAPANDEY278,OPERATIONS_EXEC,S114,CENTRAL,ananyapandey278@falhari.in,917565512889,2021-09-26
E00174,Meera Mehta,MEERAMEHTA549,REGIONAL_MANAGER,S110,SOUTH,meeramehta549@falhari.in,917665703101,2019-11-18
E00175,Vikram Iyer,VIKRAMIYER252,REGIONAL_MANAGER,S165,WEST,vikramiyer252@falhari.in,918753421448,2020-05-28
E00176,Sanjay Das,SANJAYDAS693,MARKETING_ANALYST,S194,NORTH,sanjaydas693@falhari.in,917498839683,2019-06-05
E00177,Neha Singh,NEHASINGH381,MARKETING_ANALYST,S056,CENTRAL,nehasingh381@falhari.in,910935352151,2023-07-01
E00178,Karan Das,KARANDAS809,DATA_PRIVILEGED,S108,NORTH,karandas809@falhari.in,910689924715,2023-05-03
E00179,Sanjay Malhotra,SANJAYMALHOTRA913,STORE_MANAGER,S005,NORTH,sanjaymalhotra913@falhari.in,918010302212,2020-05-08
E00180,Nikhil Reddy,NIKHILREDDY985,MARKETING_ANALYST,S028,SOUTH,nikhilreddy985@falhari.in,912169832328,2021-12-25
E00181,Rahul Gupta,RAHULGUPTA269,REGIONAL_MANAGER,S043,NORTH,rahulgupta269@falhari.in,916326214453,2023-04-29
E00182,Sneha Reddy,SNEHAREDDY662,STORE_MANAGER,S069,SOUTH,snehareddy662@falhari.in,915196787788,2018-05-13
E00183,Rohit Gupta,ROHITGUPTA655,MARKETING_ANALYST,S195,WEST,rohitgupta655@falhari.in,919132684232,2022-05-30
E00184,Karan Reddy,KARANREDDY364,MARKETING_ANALYST,S107,CENTRAL,karanreddy364@falhari.in,919033693105,2022-12-26
E00185,Rohit Joshi,ROHITJOSHI466,REGIONAL_MANAGER,S046,WEST,rohitjoshi466@falhari.in,913815455278,2023-04-07
E00186,Meera Patel,MEERAPATEL646,DATA_PRIVILEGED,S002,WEST,meerapatel646@falhari.in,912356409309,2023-12-28
E00187,Meera Pillai,MEERAPILLAI622,STORE_MANAGER,S154,WEST,meerapillai622@falhari.in,915078679699,2020-06-09
E00188,Aditya Gupta,ADITYAGUPTA584,STORE_MANAGER,S161,EAST,adityagupta584@falhari.in,919487461231,2018-02-05
E00189,Priya Singh,PRIYASINGH297,STORE_MANAGER,S093,WEST,priyasingh297@falhari.in,915175863735,2020-04-17
E00190,Karan Patel,KARANPATEL901,DATA_PRIVILEGED,S009,WEST,karanpatel901@falhari.in,912899666868,2022-02-20
E00191,Pooja Rao,POOJARAO218,STORE_MANAGER,S023,WEST,poojarao218@falhari.in,916210651494,2023-03-06
E00192,Karan Pandey,KARANPANDEY958,DATA_PRIVILEGED,S188,SOUTH,karanpandey958@falhari.in,915431055771,2018-07-05
E00193,Karan Verma,KARANVERMA678,REGIONAL_MANAGER,S119,SOUTH,karanverma678@falhari.in,915960889586,2023-01-23
E00194,Swati Mehta,SWATIMEHTA340,OPERATIONS_EXEC,S077,CENTRAL,swatimehta340@falhari.in,913423149452,2019-02-20
E00195,Ananya Khan,ANANYAKHAN725,OPERATIONS_EXEC,S111,WEST,ananyakhan725@falhari.in,910620981804,2018-07-15
E00196,Nikhil Pandey,NIKHILPANDEY599,STORE_MANAGER,S082,SOUTH,nikhilpandey599@falhari.in,911414050850,2018-11-21
E00197,Isha Rao,ISHARAO491,MARKETING_ANALYST,S184,EAST,isharao491@falhari.in,912963641226,2021-05-26
E00198,Manish Singh,MANISHSINGH328,MARKETING_ANALYST,S177,EAST,manishsingh328@falhari.in,913924539604,2019-06-03
E00199,Rahul Sharma,RAHULSHARMA550,STORE_MANAGER,S117,SOUTH,rahulsharma550@falhari.in,914425396852,2023-01-27
E00200,Meera Pillai,MEERAPILLAI877,REGIONAL_MANAGER,S005,NORTH,meerapillai877@falhari.in,919188122466,2019-05-19
E00201,Rahul Patel,RAHULPATEL799,OPERATIONS_EXEC,S011,WEST,rahulpatel799@falhari.in,919702097909,2022-11-19
E00202,Isha Khan,ISHAKHAN888,STORE_MANAGER,S176,NORTH,ishakhan888@falhari.in,915911753317,2018-08-13
E00203,Vikram Khan,VIKRAMKHAN917,REGIONAL_MANAGER,S062,NORTH,vikramkhan917@falhari.in,917970860437,2023-05-15
E00204,Neha Kulkarni,NEHAKULKARNI472,REGIONAL_MANAGER,S197,NORTH,nehakulkarni472@falhari.in,915371720153,2020-09-10
E00205,Isha Sharma,ISHASHARMA8,REGIONAL_MANAGER,S048,NORTH,ishasharma8@falhari.in,915696474133,2018-10-14
E00206,Sneha Khan,SNEHAKHAN94,OPERATIONS_EXEC,S107,CENTRAL,snehakhan94@falhari.in,918394842266,2020-03-19
E00207,Rohit Khan,ROHITKHAN310,REGIONAL_MANAGER,S005,NORTH,rohitkhan310@falhari.in,919903491315,2022-04-10
E00208,Sanjay Mehta,SANJAYMEHTA880,DATA_PRIVILEGED,S111,WEST,sanjaymehta880@falhari.in,917136463514,2021-08-23
E00209,Ananya Patel,ANANYAPATEL528,REGIONAL_MANAGER,S055,CENTRAL,ananyapatel528@falhari.in,912534852979,2020-05-17
E00210,Rahul Pandey,RAHULPANDEY870,DATA_PRIVILEGED,S091,NORTH,rahulpandey870@falhari.in,917758335219,2023-07-26
E00211,Amit Chopra,AMITCHOPRA302,STORE_MANAGER,S111,WEST,amitchopra302@falhari.in,914123154024,2020-12-06
E00212,Manish Pillai,MANISHPILLAI210,STORE_MANAGER,S116,WEST,manishpillai210@falhari.in,915016327034,2019-04-17
E00213,Rahul Gupta,RAHULGUPTA887,STORE_MANAGER,S173,WEST,rahulgupta887@falhari.in,915269636427,2019-09-18
E00214,Rohit Patel,ROHITPATEL934,DATA_PRIVILEGED,S067,EAST,rohitpatel934@falhari.in,915436768796,2023-05-16
E00215,Kiran Chopra,KIRANCHOPRA491,REGIONAL_MANAGER,S099,SOUTH,kiranchopra491@falhari.in,919863013332,2023-06-23
E00216,Swati Kulkarni,SWATIKULKARNI755,OPERATIONS_EXEC,S035,NORTH,swatikulkarni755@falhari.in,911702671996,2018-10-16
E00217,Kiran Pandey,KIRANPANDEY290,OPERATIONS_EXEC,S025,SOUTH,kiranpandey290@falhari.in,918514756160,2020-05-05
E00218,Pooja Das,POOJADAS598,MARKETING_ANALYST,S177,EAST,poojadas598@falhari.in,912606822879,2021-07-07
E00219,Arjun Iyer,ARJUNIYER315,STORE_MANAGER,S193,SOUTH,arjuniyer315@falhari.in,910966159293,2019-10-10
E00220,Sanjay Bose,SANJAYBOSE541,OPERATIONS_EXEC,S012,NORTH,sanjaybose541@falhari.in,918850690303,2021-03-15
E00221,Riya Iyer,RIYAIYER81,REGIONAL_MANAGER,S013,SOUTH,riyaiyer81@falhari.in,912730238595,2019-02-03
E00222,Vikram Joshi,VIKRAMJOSHI642,REGIONAL_MANAGER,S010,SOUTH,vikramjoshi642@falhari.in,917223033582,2020-06-30
E00223,Isha Joshi,ISHAJOSHI554,OPERATIONS_EXEC,S173,WEST,ishajoshi554@falhari.in,915111399773,2023-02-18
E00224,Swati Patel,SWATIPATEL450,OPERATIONS_EXEC,S120,WEST,swatipatel450@falhari.in,916782360842,2019-06-18
E00225,Nikhil Chopra,NIKHILCHOPRA830,DATA_PRIVILEGED,S085,NORTH,nikhilchopra830@falhari.in,911444865743,2018-04-07
E00226,Arjun Singh,ARJUNSINGH840,STORE_MANAGER,S098,CENTRAL,arjunsingh840@falhari.in,918148499198,2022-12-04
E00227,Vikram Verma,VIKRAMVERMA178,OPERATIONS_EXEC,S132,NORTH,vikramverma178@falhari.in,911130084339,2019-05-06
E00228,Kiran Iyer,KIRANIYER594,OPERATIONS_EXEC,S030,EAST,kiraniyer594@falhari.in,911796330507,2021-02-19
E00229,Nikhil Reddy,NIKHILREDDY55,MARKETING_ANALYST,S073,WEST,nikhilreddy55@falhari.in,913271929802,2023-11-01
E00230,Rahul Rao,RAHULRAO781,STORE_MANAGER,S105,SOUTH,rahulrao781@falhari.in,911693624088,2021-09-15
E00231,Sneha Malhotra,SNEHAMALHOTRA239,REGIONAL_MANAGER,S062,NORTH,snehamalhotra239@falhari.in,918137057410,2020-09-21
E00232,Riya Malhotra,RIYAMALHOTRA950,REGIONAL_MANAGER,S045,SOUTH,riyamalhotra950@falhari.in,916594152583,2023-11-27
E00233,Neha Iyer,NEHAIYER822,DATA_PRIVILEGED,S060,SOUTH,nehaiyer822@falhari.in,915781164466,2023-08-12
E00234,Rahul Mukherjee,RAHULMUKHERJEE109,REGIONAL_MANAGER,S044,WEST,rahulmukherjee109@falhari.in,919010291585,2019-05-10
E00235,Sneha Kulkarni,SNEHAKULKARNI377,OPERATIONS_EXEC,S021,SOUTH,snehakulkarni377@falhari.in,911014602353,2021-10-15
E00236,Nikhil Chopra,NIKHILCHOPRA522,REGIONAL_MANAGER,S131,CENTRAL,nikhilchopra522@falhari.in,919014081235,2022-10-23
E00237,Isha Iyer,ISHAIYER409,DATA_PRIVILEGED,S098,CENTRAL,ishaiyer409@falhari.in,916027168927,2023-12-06
E00238,Pooja Kulkarni,POOJAKULKARNI282,DATA_PRIVILEGED,S132,NORTH,poojakulkarni282@falhari.in,917181938347,2022-12-23
E00239,Priya Khan,PRIYAKHAN999,STORE_MANAGER,S004,EAST,priyakhan999@falhari.in,914730802821,2020-06-01
E00240,Sneha Iyer,SNEHAIYER714,MARKETING_ANALYST,S131,CENTRAL,snehaiyer714@falhari.in,912414304446,2023-03-18
E00241,Pooja Joshi,POOJAJOSHI304,REGIONAL_MANAGER,S084,WEST,poojajoshi304@falhari.in,919634900197,2022-09-16
E00242,Aditya Pandey,ADITYAPANDEY232,REGIONAL_MANAGER,S071,NORTH,adityapandey232@falhari.in,915004195113,2018-06-29
E00243,Karan Sharma,KARANSHARMA454,DATA_PRIVILEGED,S100,SOUTH,karansharma454@falhari.in,911706166846,2021-06-27
E00244,Pooja Singh,POOJASINGH816,STORE_MANAGER,S154,WEST,poojasingh816@falhari.in,918728481818,2022-05-14
E00245,Nikhil Chopra,NIKHILCHOPRA619,REGIONAL_MANAGER,S058,CENTRAL,nikhilchopra619@falhari.in,914440557247,2023-03-05
E00246,Ananya Iyer,ANANYAIYER810,REGIONAL_MANAGER,S200,WEST,ananyaiyer810@falhari.in,919636209160,2021-01-21
E00247,Nikhil Das,NIKHILDAS975,STORE_MANAGER,S123,EAST,nikhildas975@falhari.in,912319017066,2023-11-29
E00248,Arjun Nair,ARJUNNAIR838,DATA_PRIVILEGED,S035,NORTH,arjunnair838@falhari.in,911858935840,2021-06-02
E00249,Riya Verma,RIYAVERMA798,MARKETING_ANALYST,S178,EAST,riyaverma798@falhari.in,917126565641,2022-10-21
E00250,Sanjay Chopra,SANJAYCHOPRA400,DATA_PRIVILEGED,S118,WEST,sanjaychopra400@falhari.in,911571112070,2019-03-05
E00251,Aditya Sharma,ADITYASHARMA710,MARKETING_ANALYST,S161,EAST,adityasharma710@falhari.in,918935967926,2020-01-18
E00252,Neha Reddy,NEHAREDDY141,MARKETING_ANALYST,S118,WEST,nehareddy141@falhari.in,916150335984,2018-07-13
E00253,Aditya Malhotra,ADITYAMALHOTRA68,OPERATIONS_EXEC,S111,WEST,adityamalhotra68@falhari.in,918304342299,2023-07-25
E00254,Pooja Khan,POOJAKHAN223,REGIONAL_MANAGER,S032,CENTRAL,poojakhan223@falhari.in,910133989309,2018-02-26
E00255,Rahul Sharma,RAHULSHARMA49,REGIONAL_MANAGER,S126,WEST,rahulsharma49@falhari.in,916584901405,2022-11-08
E00256,Sanjay Sharma,SANJAYSHARMA152,MARKETING_ANALYST,S116,WEST,sanjaysharma152@falhari.in,918709095902,2023-03-04
E00257,Swati Joshi,SWATIJOSHI8,MARKETING_ANALYST,S101,EAST,swatijoshi8@falhari.in,913691991838,2022-09-17
E00258,Rahul Pillai,RAHULPILLAI773,OPERATIONS_EXEC,S049,NORTH,rahulpillai773@falhari.in,916269616367,2023-04-30
E00259,Rohit Bose,ROHITBOSE940,DATA_PRIVILEGED,S082,SOUTH,rohitbose940@falhari.in,912969426915,2021-01-19
E00260,Pooja Pandey,POOJAPANDEY474,OPERATIONS_EXEC,S140,EAST,poojapandey474@falhari.in,911412452770,2022-01-21
E00261,Priya Kulkarni,PRIYAKULKARNI824,DATA_PRIVILEGED,S087,CENTRAL,priyakulkarni824@falhari.in,915056244818,2023-12-23
E00262,Arjun Bose,ARJUNBOSE529,OPERATIONS_EXEC,S184,EAST,arjunbose529@falhari.in,915013919387,2018-09-12
E00263,Manish Rao,MANISHRAO859,STORE_MANAGER,S077,CENTRAL,manishrao859@falhari.in,912013498438,2019-12-16
E00264,Pooja Iyer,POOJAIYER959,MARKETING_ANALYST,S005,NORTH,poojaiyer959@falhari.in,914624786357,2020-01-28
E00265,Karan Malhotra,KARANMALHOTRA680,REGIONAL_MANAGER,S124,WEST,karanmalhotra680@falhari.in,913308903454,2021-06-23
E00266,Arjun Pillai,ARJUNPILLAI291,REGIONAL_MANAGER,S195,WEST,arjunpillai291@falhari.in,912109549686,2019-02-21
E00267,Riya Bose,RIYABOSE822,REGIONAL_MANAGER,S015,EAST,riyabose822@falhari.in,917909919984,2022-06-14
E00268,Manish Malhotra,MANISHMALHOTRA70,DATA_PRIVILEGED,S005,NORTH,manishmalhotra70@falhari.in,919951103562,2021-07-28
E00269,Riya Chopra,RIYACHOPRA137,STORE_MANAGER,S015,EAST,riyachopra137@falhari.in,919028057955,2018-04-06
E00270,Amit Verma,AMITVERMA784,MARKETING_ANALYST,S077,CENTRAL,amitverma784@falhari.in,914156630572,2023-07-29
E00271,Neha Malhotra,NEHAMALHOTRA159,REGIONAL_MANAGER,S006,CENTRAL,nehamalhotra159@falhari.in,912175892839,2018-03-31
E00272,Sanjay Mehta,SANJAYMEHTA471,STORE_MANAGER,S031,SOUTH,sanjaymehta471@falhari.in,913760720324,2023-10-29
E00273,Swati Mehta,SWATIMEHTA851,REGIONAL_MANAGER,S059,WEST,swatimehta851@falhari.in,917756779466,2021-08-24
E00274,Karan Patel,KARANPATEL284,STORE_MANAGER,S196,WEST,karanpatel284@falhari.in,914842689880,2023-06-17
E00275,Manish Khan,MANISHKHAN488,MARKETING_ANALYST,S112,CENTRAL,manishkhan488@falhari.in,915857856451,2020-01-06
E00276,Rahul Singh,RAHULSINGH460,OPERATIONS_EXEC,S062,NORTH,rahulsingh460@falhari.in,914682985165,2019-08-15
E00277,Ananya Pillai,ANANYAPILLAI503,REGIONAL_MANAGER,S084,WEST,ananyapillai503@falhari.in,911187786341,2021-01-26
E00278,Kiran Kulkarni,KIRANKULKARNI924,DATA_PRIVILEGED,S171,CENTRAL,kirankulkarni924@falhari.in,917747639710,2020-03-02
E00279,Rohit Pillai,ROHITPILLAI550,DATA_PRIVILEGED,S199,WEST,rohitpillai550@falhari.in,912779606888,2022-04-14
E00280,Manish Das,MANISHDAS748,REGIONAL_MANAGER,S003,NORTH,manishdas748@falhari.in,915057846221,2022-07-18
E00281,Karan Rao,KARANRAO791,DATA_PRIVILEGED,S085,NORTH,karanrao791@falhari.in,911865153121,2021-04-15
E00282,Rohit Nair,ROHITNAIR730,OPERATIONS_EXEC,S033,EAST,rohitnair730@falhari.in,919879086865,2019-03-19
E00283,Rahul Malhotra,RAHULMALHOTRA859,DATA_PRIVILEGED,S014,NORTH,rahulmalhotra859@falhari.in,911705939670,2019-03-15
E00284,Sanjay Khan,SANJAYKHAN709,REGIONAL_MANAGER,S048,NORTH,sanjaykhan709@falhari.in,916412465529,2022-01-19
E00285,Riya Kulkarni,RIYAKULKARNI464,REGIONAL_MANAGER,S082,SOUTH,riyakulkarni464@falhari.in,911683202271,2018-12-05
E00286,Karan Iyer,KARANIYER513,STORE_MANAGER,S016,SOUTH,karaniyer513@falhari.in,912149800847,2021-07-14
E00287,Sanjay Khan,SANJAYKHAN458,DATA_PRIVILEGED,S064,CENTRAL,sanjaykhan458@falhari.in,914328239132,2018-09-29
E00288,Pooja Nair,POOJANAIR426,DATA_PRIVILEGED,S149,EAST,poojanair426@falhari.in,914983598084,2022-05-17
E00289,Swati Pillai,SWATIPILLAI833,DATA_PRIVILEGED,S053,WEST,swatipillai833@falhari.in,912975845627,2019-03-15
E00290,Karan Bose,KARANBOSE55,REGIONAL_MANAGER,S067,EAST,karanbose55@falhari.in,914698459890,2018-09-09
E00291,Arjun Chopra,ARJUNCHOPRA953,STORE_MANAGER,S147,SOUTH,arjunchopra953@falhari.in,914783062646,2021-09-20
E00292,Aditya Kulkarni,ADITYAKULKARNI945,OPERATIONS_EXEC,S152,SOUTH,adityakulkarni945@falhari.in,918724446312,2023-12-11
E00293,Rahul Singh,RAHULSINGH704,STORE_MANAGER,S149,EAST,rahulsingh704@falhari.in,912749390981,2018-11-24
E00294,Vikram Singh,VIKRAMSINGH39,REGIONAL_MANAGER,S193,SOUTH,vikramsingh39@falhari.in,911512851368,2021-02-16
E00295,Priya Reddy,PRIYAREDDY298,STORE_MANAGER,S184,EAST,priyareddy298@falhari.in,916523700877,2023-05-05
E00296,Neha Iyer,NEHAIYER630,STORE_MANAGER,S193,SOUTH,nehaiyer630@falhari.in,910322607347,2023-09-18
E00297,Kiran Nair,KIRANNAIR165,DATA_PRIVILEGED,S120,WEST,kirannair165@falhari.in,914846431032,2020-06-13
E00298,Isha Kulkarni,ISHAKULKARNI955,MARKETING_ANALYST,S066,EAST,ishakulkarni955@falhari.in,913767305858,2019-12-14
E00299,Rohit Pandey,ROHITPANDEY433,MARKETING_ANALYST,S196,WEST,rohitpandey433@falhari.in,915996822431,2019-07-12
E00300,Rohit Singh,ROHITSINGH365,MARKETING_ANALYST,S129,EAST,rohitsingh365@falhari.in,918983923078,2019-05-05
E00301,Rahul Gupta,RAHULGUPTA131,MARKETING_ANALYST,S120,WEST,rahulgupta131@falhari.in,910670779244,2021-11-08
E00302,Kiran Mukherjee,KIRANMUKHERJEE334,OPERATIONS_EXEC,S113,NORTH,kiranmukherjee334@falhari.in,911131568731,2018-06-19
E00303,Vikram Das,VIKRAMDAS162,DATA_PRIVILEGED,S076,EAST,vikramdas162@falhari.in,915963946845,2023-10-05
E00304,Karan Gupta,KARANGUPTA827,STORE_MANAGER,S147,SOUTH,karangupta827@falhari.in,910358587263,2020-02-07
E00305,Riya Khan,RIYAKHAN36,REGIONAL_MANAGER,S126,WEST,riyakhan36@falhari.in,911926421023,2022-12-03
E00306,Ananya Pillai,ANANYAPILLAI978,OPERATIONS_EXEC,S008,EAST,ananyapillai978@falhari.in,917366497069,2021-07-05
E00307,Nikhil Pandey,NIKHILPANDEY3,STORE_MANAGER,S145,EAST,nikhilpandey3@falhari.in,916433562395,2018-04-20
E00308,Ananya Iyer,ANANYAIYER912,STORE_MANAGER,S031,SOUTH,ananyaiyer912@falhari.in,918700008222,2018-08-14
E00309,Neha Nair,NEHANAIR135,REGIONAL_MANAGER,S011,WEST,nehanair135@falhari.in,918939560898,2018-05-05
E00310,Kiran Malhotra,KIRANMALHOTRA393,STORE_MANAGER,S115,CENTRAL,kiranmalhotra393@falhari.in,911014782475,2019-02-13
E00311,Sneha Mukherjee,SNEHAMUKHERJEE197,OPERATIONS_EXEC,S012,NORTH,snehamukherjee197@falhari.in,916650688857,2022-10-26
E00312,Priya Patel,PRIYAPATEL477,REGIONAL_MANAGER,S032,CENTRAL,priyapatel477@falhari.in,916035024506,2020-03-27
E00313,Vikram Bose,VIKRAMBOSE804,STORE_MANAGER,S177,EAST,vikrambose804@falhari.in,915241694564,2022-04-12
E00314,Pooja Malhotra,POOJAMALHOTRA388,DATA_PRIVILEGED,S102,NORTH,poojamalhotra388@falhari.in,914691428400,2018-01-21
E00315,Amit Gupta,AMITGUPTA217,DATA_PRIVILEGED,S068,NORTH,amitgupta217@falhari.in,913784710738,2020-01-01
E00316,Karan Patel,KARANPATEL151,MARKETING_ANALYST,S186,NORTH,karanpatel151@falhari.in,918337622334,2021-09-11
E00317,Priya Gupta,PRIYAGUPTA351,MARKETING_ANALYST,S031,SOUTH,priyagupta351@falhari.in,917765786610,2018-07-26
E00318,Priya Sharma,PRIYASHARMA909,MARKETING_ANALYST,S154,WEST,priyasharma909@falhari.in,911186247939,2020-05-31
E00319,Karan Das,KARANDAS521,OPERATIONS_EXEC,S022,SOUTH,karandas521@falhari.in,914026963155,2021-12-08
E00320,Aditya Verma,ADITYAVERMA665,STORE_MANAGER,S129,EAST,adityaverma665@falhari.in,917575751318,2020-07-03
E00321,Pooja Singh,POOJASINGH961,REGIONAL_MANAGER,S126,WEST,poojasingh961@falhari.in,910844468501,2020-03-22
E00322,Pooja Iyer,POOJAIYER251,OPERATIONS_EXEC,S094,SOUTH,poojaiyer251@falhari.in,914184293264,2021-08-16
E00323,Manish Verma,MANISHVERMA68,DATA_PRIVILEGED,S115,CENTRAL,manishverma68@falhari.in,913370106536,2018-07-01
E00324,Neha Das,NEHADAS809,OPERATIONS_EXEC,S125,EAST,nehadas809@falhari.in,911279310826,2019-11-07
E00325,Riya Bose,RIYABOSE322,DATA_PRIVILEGED,S199,WEST,riyabose322@falhari.in,919990604186,2022-05-10
E00326,Amit Pandey,AMITPANDEY993,MARKETING_ANALYST,S099,SOUTH,amitpandey993@falhari.in,916118289210,2023-05-24
E00327,Sanjay Pillai,SANJAYPILLAI442,MARKETING_ANALYST,S057,EAST,sanjaypillai442@falhari.in,915830975336,2020-03-22
E00328,Sneha Rao,SNEHARAO593,REGIONAL_MANAGER,S129,EAST,sneharao593@falhari.in,919691861756,2022-11-05
E00329,Karan Rao,KARANRAO924,MARKETING_ANALYST,S169,NORTH,karanrao924@falhari.in,914964220699,2019-09-20
E00330,Sanjay Reddy,SANJAYREDDY542,REGIONAL_MANAGER,S014,NORTH,sanjayreddy542@falhari.in,910358087563,2020-11-06
E00331,Kiran Pandey,KIRANPANDEY100,STORE_MANAGER,S130,NORTH,kiranpandey100@falhari.in,918534883192,2022-12-10
E00332,Ananya Bose,ANANYABOSE866,DATA_PRIVILEGED,S130,NORTH,ananyabose866@falhari.in,913407932818,2018-12-31
E00333,Arjun Mukherjee,ARJUNMUKHERJEE89,DATA_PRIVILEGED,S116,WEST,arjunmukherjee89@falhari.in,911103402073,2022-11-24
E00334,Rohit Mukherjee,ROHITMUKHERJEE319,MARKETING_ANALYST,S117,SOUTH,rohitmukherjee319@falhari.in,914179184800,2018-09-12
E00335,Amit Sharma,AMITSHARMA898,STORE_MANAGER,S059,WEST,amitsharma898@falhari.in,913021489040,2018-11-23
E00336,Rohit Nair,ROHITNAIR855,OPERATIONS_EXEC,S042,EAST,rohitnair855@falhari.in,911581927724,2021-03-28
E00337,Isha Bose,ISHABOSE728,DATA_PRIVILEGED,S074,EAST,ishabose728@falhari.in,915618468915,2020-03-14
E00338,Karan Chopra,KARANCHOPRA967,MARKETING_ANALYST,S159,NORTH,karanchopra967@falhari.in,917470914871,2020-01-29
E00339,Swati Sharma,SWATISHARMA887,OPERATIONS_EXEC,S058,CENTRAL,swatisharma887@falhari.in,913826561978,2022-03-31
E00340,Pooja Iyer,POOJAIYER139,DATA_PRIVILEGED,S104,NORTH,poojaiyer139@falhari.in,916991699277,2018-04-20
E00341,Aditya Malhotra,ADITYAMALHOTRA713,DATA_PRIVILEGED,S091,NORTH,adityamalhotra713@falhari.in,917486597759,2023-03-16
E00342,Riya Malhotra,RIYAMALHOTRA494,REGIONAL_MANAGER,S178,EAST,riyamalhotra494@falhari.in,918007506823,2020-10-13
E00343,Riya Nair,RIYANAIR858,REGIONAL_MANAGER,S145,EAST,riyanair858@falhari.in,913474126788,2022-07-15
E00344,Sanjay Bose,SANJAYBOSE54,DATA_PRIVILEGED,S063,NORTH,sanjaybose54@falhari.in,918546052173,2019-07-09
E00345,Rohit Nair,ROHITNAIR224,STORE_MANAGER,S164,CENTRAL,rohitnair224@falhari.in,915878928802,2019-10-03
E00346,Nikhil Khan,NIKHILKHAN342,DATA_PRIVILEGED,S102,NORTH,nikhilkhan342@falhari.in,919308883707,2018-10-08
E00347,Swati Sharma,SWATISHARMA428,REGIONAL_MANAGER,S049,NORTH,swatisharma428@falhari.in,911543449197,2021-06-24
E00348,Manish Sharma,MANISHSHARMA654,OPERATIONS_EXEC,S074,EAST,manishsharma654@falhari.in,918671172498,2021-07-19
E00349,Nikhil Chopra,NIKHILCHOPRA246,MARKETING_ANALYST,S052,EAST,nikhilchopra246@falhari.in,916509416267,2020-01-02
E00350,Rahul Sharma,RAHULSHARMA518,OPERATIONS_EXEC,S098,CENTRAL,rahulsharma518@falhari.in,912870132156,2022-10-03
E00351,Manish Verma,MANISHVERMA65,OPERATIONS_EXEC,S020,EAST,manishverma65@falhari.in,918717104599,2019-10-13
E00352,Priya Mukherjee,PRIYAMUKHERJEE830,STORE_MANAGER,S133,WEST,priyamukherjee830@falhari.in,919802213189,2022-06-17
E00353,Priya Reddy,PRIYAREDDY36,REGIONAL_MANAGER,S080,EAST,priyareddy36@falhari.in,916117341741,2021-02-16
E00354,Meera Khan,MEERAKHAN373,MARKETING_ANALYST,S084,WEST,meerakhan373@falhari.in,911233559164,2018-12-23
E00355,Neha Malhotra,NEHAMALHOTRA416,REGIONAL_MANAGER,S007,CENTRAL,nehamalhotra416@falhari.in,913633864865,2018-03-20
E00356,Priya Bose,PRIYABOSE960,MARKETING_ANALYST,S068,NORTH,priyabose960@falhari.in,913525019165,2020-08-04
E00357,Arjun Rao,ARJUNRAO473,STORE_MANAGER,S101,EAST,arjunrao473@falhari.in,916967781341,2021-06-19
E00358,Sanjay Singh,SANJAYSINGH281,MARKETING_ANALYST,S141,SOUTH,sanjaysingh281@falhari.in,916491535090,2020-12-23
E00359,Karan Khan,KARANKHAN753,STORE_MANAGER,S134,NORTH,karankhan753@falhari.in,914063929465,2019-02-07
E00360,Karan Singh,KARANSINGH940,DATA_PRIVILEGED,S022,SOUTH,karansingh940@falhari.in,910049912643,2023-10-17
E00361,Rahul Mukherjee,RAHULMUKHERJEE729,STORE_MANAGER,S188,SOUTH,rahulmukherjee729@falhari.in,919819205091,2022-04-19
E00362,Karan Nair,KARANNAIR581,REGIONAL_MANAGER,S169,NORTH,karannair581@falhari.in,913625932865,2023-06-29
E00363,Sneha Gupta,SNEHAGUPTA712,OPERATIONS_EXEC,S044,WEST,snehagupta712@falhari.in,914912830062,2020-09-05
E00364,Pooja Gupta,POOJAGUPTA525,REGIONAL_MANAGER,S168,WEST,poojagupta525@falhari.in,919245167917,2023-01-18
E00365,Arjun Gupta,ARJUNGUPTA699,OPERATIONS_EXEC,S112,CENTRAL,arjungupta699@falhari.in,910791172923,2020-07-24
E00366,Sanjay Joshi,SANJAYJOSHI126,REGIONAL_MANAGER,S188,SOUTH,sanjayjoshi126@falhari.in,913531535628,2023-03-01
E00367,Vikram Das,VIKRAMDAS363,STORE_MANAGER,S198,EAST,vikramdas363@falhari.in,914094147716,2019-11-11
E00368,Pooja Pandey,POOJAPANDEY552,REGIONAL_MANAGER,S020,EAST,poojapandey552@falhari.in,918244682163,2022-03-18
E00369,Vikram Pandey,VIKRAMPANDEY500,STORE_MANAGER,S055,CENTRAL,vikrampandey500@falhari.in,918647322322,2020-10-30
E00370,Ananya Malhotra,ANANYAMALHOTRA205,DATA_PRIVILEGED,S143,SOUTH,ananyamalhotra205@falhari.in,913681254145,2019-07-13
E00371,Aditya Mukherjee,ADITYAMUKHERJEE964,OPERATIONS_EXEC,S072,NORTH,adityamukherjee964@falhari.in,917590447417,2022-10-04
E00372,Kiran Mehta,KIRANMEHTA280,MARKETING_ANALYST,S020,EAST,kiranmehta280@falhari.in,910579406525,2020-06-07
E00373,Ananya Joshi,ANANYAJOSHI253,REGIONAL_MANAGER,S069,SOUTH,ananyajoshi253@falhari.in,914483451995,2021-07-31
E00374,Amit Kulkarni,AMITKULKARNI668,OPERATIONS_EXEC,S116,WEST,amitkulkarni668@falhari.in,917547281570,2022-10-19
E00375,Meera Patel,MEERAPATEL355,STORE_MANAGER,S027,NORTH,meerapatel355@falhari.in,916220437714,2021-03-14
E00376,Pooja Mukherjee,POOJAMUKHERJEE169,MARKETING_ANALYST,S133,WEST,poojamukherjee169@falhari.in,914926152830,2021-08-14
E00377,Meera Kulkarni,MEERAKULKARNI137,STORE_MANAGER,S144,CENTRAL,meerakulkarni137@falhari.in,910820780988,2020-01-18
E00378,Ananya Verma,ANANYAVERMA595,REGIONAL_MANAGER,S092,CENTRAL,ananyaverma595@falhari.in,912109423547,2018-12-02
E00379,Karan Verma,KARANVERMA748,REGIONAL_MANAGER,S126,WEST,karanverma748@falhari.in,919299025100,2019-11-19
E00380,Ananya Mukherjee,ANANYAMUKHERJEE613,OPERATIONS_EXEC,S035,NORTH,ananyamukherjee613@falhari.in,915799883594,2020-05-17
E00381,Ananya Malhotra,ANANYAMALHOTRA809,STORE_MANAGER,S060,SOUTH,ananyamalhotra809@falhari.in,912240807700,2020-08-12
E00382,Riya Kulkarni,RIYAKULKARNI107,DATA_PRIVILEGED,S028,SOUTH,riyakulkarni107@falhari.in,915068524608,2023-09-21
E00383,Pooja Joshi,POOJAJOSHI379,OPERATIONS_EXEC,S042,EAST,poojajoshi379@falhari.in,910851512286,2022-04-19
E00384,Priya Sharma,PRIYASHARMA987,OPERATIONS_EXEC,S150,CENTRAL,priyasharma987@falhari.in,919749411715,2018-09-13
E00385,Isha Chopra,ISHACHOPRA303,OPERATIONS_EXEC,S185,NORTH,ishachopra303@falhari.in,917372590125,2022-10-12
E00386,Aditya Rao,ADITYARAO534,REGIONAL_MANAGER,S069,SOUTH,adityarao534@falhari.in,913297867154,2020-01-25
E00387,Nikhil Reddy,NIKHILREDDY690,OPERATIONS_EXEC,S153,SOUTH,nikhilreddy690@falhari.in,915719477007,2018-12-28
E00388,Swati Iyer,SWATIIYER760,STORE_MANAGER,S060,SOUTH,swatiiyer760@falhari.in,915336359217,2020-01-06
E00389,Karan Rao,KARANRAO12,MARKETING_ANALYST,S193,SOUTH,karanrao12@falhari.in,911558866314,2020-06-25
E00390,Pooja Bose,POOJABOSE58,DATA_PRIVILEGED,S029,SOUTH,poojabose58@falhari.in,911542118895,2020-11-17
E00391,Swati Gupta,SWATIGUPTA639,REGIONAL_MANAGER,S186,NORTH,swatigupta639@falhari.in,916595173366,2022-09-29
E00392,Kiran Kulkarni,KIRANKULKARNI123,MARKETING_ANALYST,S058,CENTRAL,kirankulkarni123@falhari.in,911374001980,2019-04-25
E00393,Sneha Sharma,SNEHASHARMA919,DATA_PRIVILEGED,S064,CENTRAL,snehasharma919@falhari.in,918224432654,2021-07-11
E00394,Rohit Pillai,ROHITPILLAI623,OPERATIONS_EXEC,S031,SOUTH,rohitpillai623@falhari.in,919785517915,2021-03-13
E00395,Isha Chopra,ISHACHOPRA594,OPERATIONS_EXEC,S011,WEST,ishachopra594@falhari.in,913459489304,2021-01-22
E00396,Priya Pillai,PRIYAPILLAI48,OPERATIONS_EXEC,S018,SOUTH,priyapillai48@falhari.in,910069569819,2020-06-03
E00397,Karan Mehta,KARANMEHTA88,DATA_PRIVILEGED,S121,WEST,karanmehta88@falhari.in,919266403075,2018-01-12
E00398,Sanjay Joshi,SANJAYJOSHI839,OPERATIONS_EXEC,S146,SOUTH,sanjayjoshi839@falhari.in,910640810671,2018-08-24
E00399,Nikhil Gupta,NIKHILGUPTA453,OPERATIONS_EXEC,S097,NORTH,nikhilgupta453@falhari.in,915105920865,2020-05-31
E00400,Riya Das,RIYADAS594,MARKETING_ANALYST,S091,NORTH,riyadas594@falhari.in,915839318566,2021-09-22
E90001,Lab Store Manager,USER_STORE_MGR,STORE_MANAGER,S001,NORTH,user_store_mgr@falhari.in,919999999991,2021-01-01
E90002,Lab Regional Manager,USER_REGIONAL_MGR,REGIONAL_MANAGER,S001,NORTH,user_regional_mgr@falhari.in,919999999992,2021-01-01
E90003,Falhari Tester RM,FALHARI_TESTER,REGIONAL_MANAGER,S002,WEST,falhari_tester@falhari.in,919999999993,2021-01-01
