brand_store_id,name,city,state,created_at
BRAND20001,BrandStore_1,Kolkata,West Bengal,2023-04-02 08:08:28
BRAND20002,BrandStore_2,Jaipur,Rajasthan,2024-01-21 03:51:39
BRAND20003,BrandStore_3,Mumbai,Telangana,2023-03-11 15:40:45
BRAND20004,BrandStore_4,Chennai,Gujarat,2024-11-17 21:48:29
BRAND20005,BrandStore_5,Bengaluru,Maharashtra,2023-11-04 01:50:28
BRAND20006,BrandStore_6,Lucknow,Uttar Pradesh,2025-04-22 23:05:21
BRAND20007,BrandStore_7,Delhi,Gujarat,2024-06-05 11:57:11
BRAND20008,BrandStore_8,Lucknow,Telangana,2023-12-23 18:20:15
BRAND20009,BrandStore_9,Delhi,Uttar Pradesh,2024-05-28 21:09:53
BRAND20010,BrandStore_10,Chennai,West Bengal,2025-04-21 21:16:24
BRAND20011,BrandStore_11,Pune,Gujarat,2023-05-23 23:19:21
BRAND20012,BrandStore_12,Hyderabad,Tamil Nadu,2025-01-29 06:19:31
BRAND20013,BrandStore_13,Jaipur,Uttar Pradesh,2025-08-26 10:07:47
BRAND20014,BrandStore_14,Ahmedabad,West Bengal,2023-09-09 06:22:11
BRAND20015,BrandStore_15,Delhi,Gujarat,2025-11-11 17:56:09
BRAND20016,BrandStore_16,Mumbai,Maharashtra,2024-05-31 14:00:16
BRAND20017,BrandStore_17,Kolkata,Gujarat,2025-03-08 07:22:14
BRAND20018,BrandStore_18,Jaipur,Maharashtra,2025-10-15 02:38:31
BRAND20019,BrandStore_19,Bengaluru,Maharashtra,2023-12-04 12:16:32
BRAND20020,BrandStore_20,Ahmedabad,Maharashtra,2023-08-31 19:58:32
BRAND20021,BrandStore_21,Bengaluru,Gujarat,2025-06-18 07:17:41
BRAND20022,BrandStore_22,Nagpur,Uttar Pradesh,2025-05-12 09:26:05
BRAND20023,BrandStore_23,Chennai,Karnataka,2025-01-16 01:19:38
BRAND20024,BrandStore_24,Ahmedabad,Maharashtra,2025-10-11 12:03:15
BRAND20025,BrandStore_25,Delhi,Rajasthan,2024-09-26 18:52:46
BRAND20026,BrandStore_26,Ahmedabad,Karnataka,2023-02-01 04:09:05
BRAND20027,BrandStore_27,Nagpur,Maharashtra,2023-08-05 12:03:52
BRAND20028,BrandStore_28,Lucknow,Telangana,2025-07-12 14:09:35
BRAND20029,BrandStore_29,Surat,Tamil Nadu,2024-02-24 10:41:04
BRAND20030,BrandStore_30,Jaipur,Uttar Pradesh,2024-03-04 09:56:47
BRAND20031,BrandStore_31,Ahmedabad,Gujarat,2025-10-23 06:57:40
BRAND20032,BrandStore_32,Mumbai,Delhi,2023-03-08 10:59:09
BRAND20033,BrandStore_33,Surat,Uttar Pradesh,2024-06-21 01:07:45
BRAND20034,BrandStore_34,Chennai,Delhi,2025-01-26 10:53:01
BRAND20035,BrandStore_35,Bengaluru,Rajasthan,2024-06-13 22:14:28
BRAND20036,BrandStore_36,Chennai,Uttar Pradesh,2025-02-23 14:37:55
BRAND20037,BrandStore_37,Nagpur,Rajasthan,2025-07-20 07:09:16
BRAND20038,BrandStore_38,Mumbai,Maharashtra,2025-09-03 15:09:27
BRAND20039,BrandStore_39,Hyderabad,Uttar Pradesh,2023-12-03 01:40:02
BRAND20040,BrandStore_40,Mumbai,Tamil Nadu,2024-01-16 19:54:29
BRAND20041,BrandStore_41,Ahmedabad,Karnataka,2023-08-17 01:40:02
BRAND20042,BrandStore_42,Mumbai,Rajasthan,2025-03-29 20:48:40
BRAND20043,BrandStore_43,Lucknow,Rajasthan,2023-02-02 14:07:11
BRAND20044,BrandStore_44,Bengaluru,Rajasthan,2025-02-01 09:59:43
BRAND20045,BrandStore_45,Hyderabad,Maharashtra,2024-04-10 07:02:34
BRAND20046,BrandStore_46,Mumbai,West Bengal,2024-12-28 11:13:25
BRAND20047,BrandStore_47,Mumbai,Gujarat,2024-06-06 21:28:55
BRAND20048,BrandStore_48,Hyderabad,Delhi,2023-10-19 07:41:26
BRAND20049,BrandStore_49,Ahmedabad,Telangana,2024-04-22 01:13:44
BRAND20050,BrandStore_50,Chennai,Tamil Nadu,2025-03-23 00:33:52
BRAND20051,BrandStore_51,Ahmedabad,Telangana,2024-06-02 10:14:47
BRAND20052,BrandStore_52,Nagpur,Uttar Pradesh,2023-05-18 07:52:01
BRAND20053,BrandStore_53,Bengaluru,Maharashtra,2024-10-07 17:18:05
BRAND20054,BrandStore_54,Chennai,West Bengal,2025-08-05 09:13:06
BRAND20055,BrandStore_55,Lucknow,Maharashtra,2024-04-10 08:16:02
BRAND20056,BrandStore_56,Hyderabad,Gujarat,2023-10-01 08:56:56
BRAND20057,BrandStore_57,Nagpur,Gujarat,2025-05-08 13:11:20
BRAND20058,BrandStore_58,Nagpur,Tamil Nadu,2024-06-30 22:58:24
BRAND20059,BrandStore_59,Surat,Telangana,2023-05-21 09:58:52
BRAND20060,BrandStore_60,Surat,Maharashtra,2023-03-10 15:23:34
BRAND20061,BrandStore_61,Hyderabad,Gujarat,2024-01-05 13:53:09
BRAND20062,BrandStore_62,Hyderabad,Delhi,2024-04-19 10:44:35
BRAND20063,BrandStore_63,Lucknow,Uttar Pradesh,2025-01-05 21:22:55
BRAND20064,BrandStore_64,Ahmedabad,Gujarat,2024-05-03 11:12:29
BRAND20065,BrandStore_65,Jaipur,Delhi,2023-09-14 14:04:58
BRAND20066,BrandStore_66,Delhi,Tamil Nadu,2023-01-26 23:38:25
BRAND20067,BrandStore_67,Nagpur,Telangana,2023-05-03 21:54:13
BRAND20068,BrandStore_68,Lucknow,Telangana,2025-03-23 20:35:53
BRAND20069,BrandStore_69,Chennai,Gujarat,2024-11-15 17:04:56
BRAND20070,BrandStore_70,Mumbai,Maharashtra,2023-06-11 10:01:31
BRAND20071,BrandStore_71,Lucknow,Gujarat,2024-04-13 19:07:09
BRAND20072,BrandStore_72,Bengaluru,Karnataka,2023-05-10 05:30:22
BRAND20073,BrandStore_73,Delhi,Delhi,2025-01-23 13:55:47
BRAND20074,BrandStore_74,Bengaluru,Rajasthan,2024-10-24 01:19:39
BRAND20075,BrandStore_75,Mumbai,Tamil Nadu,2024-10-31 07:16:20
BRAND20076,BrandStore_76,Nagpur,Telangana,2024-05-17 23:43:21
BRAND20077,BrandStore_77,Lucknow,Maharashtra,2024-02-19 06:08:47
BRAND20078,BrandStore_78,Delhi,Maharashtra,2025-09-15 02:36:47
BRAND20079,BrandStore_79,Kolkata,Telangana,2023-06-18 22:18:20
BRAND20080,BrandStore_80,Surat,West Bengal,2024-10-10 17:39:24
BRAND20081,BrandStore_81,Ahmedabad,Karnataka,2024-04-14 01:53:04
BRAND20082,BrandStore_82,Chennai,West Bengal,2025-09-20 19:04:19
BRAND20083,BrandStore_83,Kolkata,Delhi,2023-08-07 17:19:48
BRAND20084,BrandStore_84,Mumbai,Tamil Nadu,2023-08-16 12:10:42
BRAND20085,BrandStore_85,Jaipur,Rajasthan,2024-10-19 07:13:27
BRAND20086,BrandStore_86,Bengaluru,Rajasthan,2024-01-25 13:19:55
BRAND20087,BrandStore_87,Surat,Maharashtra,2024-01-26 10:43:15
BRAND20088,BrandStore_88,Surat,Maharashtra,2023-04-24 09:52:55
BRAND20089,BrandStore_89,Bengaluru,Uttar Pradesh,2025-09-25 11:09:11
BRAND20090,BrandStore_90,Pune,Rajasthan,2023-10-03 09:13:31
BRAND20091,BrandStore_91,Nagpur,Maharashtra,2023-08-02 15:33:46
BRAND20092,BrandStore_92,Chennai,Rajasthan,2023-04-23 03:23:10
BRAND20093,BrandStore_93,Hyderabad,Maharashtra,2025-10-24 12:22:14
BRAND20094,BrandStore_94,Pune,Delhi,2024-08-01 01:53:35
BRAND20095,BrandStore_95,Lucknow,Delhi,2024-06-25 04:00:07
BRAND20096,BrandStore_96,Hyderabad,Uttar Pradesh,2025-09-07 18:31:15
BRAND20097,BrandStore_97,Hyderabad,West Bengal,2025-03-08 04:53:26
BRAND20098,BrandStore_98,Mumbai,Telangana,2023-09-04 04:11:59
BRAND20099,BrandStore_99,Ahmedabad,Gujarat,2023-06-30 08:26:22
BRAND20100,BrandStore_100,Delhi,Telangana,2024-12-06 05:18:47
BRAND20101,BrandStore_101,Lucknow,Gujarat,2024-08-08 11:53:39
BRAND20102,BrandStore_102,Kolkata,Maharashtra,2025-09-02 02:54:21
BRAND20103,BrandStore_103,Kolkata,Uttar Pradesh,2024-11-23 04:49:14
BRAND20104,BrandStore_104,Hyderabad,West Bengal,2023-06-03 12:12:20
BRAND20105,BrandStore_105,Kolkata,Gujarat,2024-03-15 18:34:17
BRAND20106,BrandStore_106,Surat,Rajasthan,2025-06-12 14:38:03
BRAND20107,BrandStore_107,Surat,Uttar Pradesh,2024-05-13 20:43:14
BRAND20108,BrandStore_108,Nagpur,Delhi,2024-08-04 03:13:27
BRAND20109,BrandStore_109,Hyderabad,Maharashtra,2023-06-21 12:37:24
BRAND20110,BrandStore_110,Ahmedabad,Gujarat,2023-07-15 10:17:29
BRAND20111,BrandStore_111,Lucknow,Uttar Pradesh,2025-08-22 20:40:30
BRAND20112,BrandStore_112,Lucknow,Delhi,2024-06-14 19:41:40
BRAND20113,BrandStore_113,Ahmedabad,Maharashtra,2025-06-17 10:48:16
BRAND20114,BrandStore_114,Nagpur,Maharashtra,2024-11-28 04:33:11
BRAND20115,BrandStore_115,Nagpur,Maharashtra,2024-08-27 22:22:05
BRAND20116,BrandStore_116,Delhi,West Bengal,2024-11-08 15:29:54
BRAND20117,BrandStore_117,Surat,Telangana,2025-08-06 18:00:17
BRAND20118,BrandStore_118,Surat,Karnataka,2024-10-11 06:03:25
BRAND20119,BrandStore_119,Delhi,West Bengal,2025-03-27 12:56:54
BRAND20120,BrandStore_120,Jaipur,Maharashtra,2025-10-02 21:23:12
BRAND20121,BrandStore_121,Jaipur,Maharashtra,2023-06-07 05:40:55
BRAND20122,BrandStore_122,Jaipur,Rajasthan,2023-09-06 11:07:14
BRAND20123,BrandStore_123,Surat,Telangana,2023-03-12 10:16:33
BRAND20124,BrandStore_124,Mumbai,Maharashtra,2025-09-02 06:59:25
BRAND20125,BrandStore_125,Chennai,Gujarat,2023-05-28 19:26:02
BRAND20126,BrandStore_126,Bengaluru,Delhi,2023-10-01 19:04:47
BRAND20127,BrandStore_127,Pune,Uttar Pradesh,2025-03-02 08:34:59
BRAND20128,BrandStore_128,Delhi,Uttar Pradesh,2024-11-01 01:43:27
BRAND20129,BrandStore_129,Jaipur,Telangana,2023-03-21 19:40:10
BRAND20130,BrandStore_130,Pune,Delhi,2023-05-25 17:26:14
BRAND20131,BrandStore_131,Delhi,Gujarat,2023-08-01 00:48:32
BRAND20132,BrandStore_132,Jaipur,Rajasthan,2025-11-12 12:09:42
BRAND20133,BrandStore_133,Nagpur,Telangana,2025-09-27 22:23:03
BRAND20134,BrandStore_134,Bengaluru,Rajasthan,2023-02-10 17:55:43
BRAND20135,BrandStore_135,Lucknow,Maharashtra,2024-05-03 07:21:46
BRAND20136,BrandStore_136,Delhi,Uttar Pradesh,2025-10-09 22:20:43
BRAND20137,BrandStore_137,Mumbai,Maharashtra,2023-01-12 04:33:08
BRAND20138,BrandStore_138,Bengaluru,Maharashtra,2024-04-10 17:25:30
BRAND20139,BrandStore_139,Lucknow,Maharashtra,2023-07-09 17:44:14
BRAND20140,BrandStore_140,Delhi,Uttar Pradesh,2024-07-24 19:49:26
BRAND20141,BrandStore_141,Nagpur,Telangana,2024-11-12 20:09:32
BRAND20142,BrandStore_142,Delhi,Tamil Nadu,2025-11-22 13:21:32
BRAND20143,BrandStore_143,Ahmedabad,Uttar Pradesh,2024-11-06 12:01:40
BRAND20144,BrandStore_144,Jaipur,West Bengal,2025-05-30 22:32:10
BRAND20145,BrandStore_145,Chennai,Karnataka,2023-11-16 10:56:41
BRAND20146,BrandStore_146,Delhi,Karnataka,2023-03-30 17:18:33
BRAND20147,BrandStore_147,Delhi,Maharashtra,2025-01-09 15:11:50
BRAND20148,BrandStore_148,Kolkata,Gujarat,2024-11-20 06:55:39
BRAND20149,BrandStore_149,Hyderabad,West Bengal,2025-02-16 08:51:40
BRAND20150,BrandStore_150,Hyderabad,Rajasthan,2024-04-23 14:50:08
BRAND20151,BrandStore_151,Bengaluru,Delhi,2024-01-21 02:47:12
BRAND20152,BrandStore_152,Mumbai,Uttar Pradesh,2025-01-17 20:42:35
BRAND20153,BrandStore_153,Surat,Delhi,2023-10-10 12:58:32
BRAND20154,BrandStore_154,Surat,Maharashtra,2023-05-16 16:18:59
BRAND20155,BrandStore_155,Ahmedabad,Tamil Nadu,2025-06-12 17:46:33
BRAND20156,BrandStore_156,Hyderabad,Gujarat,2025-05-27 01:59:16
BRAND20157,BrandStore_157,Surat,Rajasthan,2025-06-27 02:23:42
BRAND20158,BrandStore_158,Delhi,Gujarat,2023-07-17 04:43:03
BRAND20159,BrandStore_159,Chennai,Tamil Nadu,2024-04-29 21:41:35
BRAND20160,BrandStore_160,Kolkata,Delhi,2025-05-03 21:49:35
BRAND20161,BrandStore_161,Bengaluru,Maharashtra,2024-06-25 21:34:30
BRAND20162,BrandStore_162,Chennai,West Bengal,2024-10-07 09:09:43
BRAND20163,BrandStore_163,Chennai,Tamil Nadu,2023-07-03 14:48:17
BRAND20164,BrandStore_164,Mumbai,Tamil Nadu,2023-07-04 15:12:36
BRAND20165,BrandStore_165,Bengaluru,Tamil Nadu,2024-01-06 12:46:44
BRAND20166,BrandStore_166,Ahmedabad,Tamil Nadu,2024-08-03 01:38:20
BRAND20167,BrandStore_167,Jaipur,Telangana,2025-03-19 23:41:00
BRAND20168,BrandStore_168,Kolkata,Telangana,2025-01-20 09:42:03
BRAND20169,BrandStore_169,Bengaluru,Maharashtra,2025-05-28 04:47:41
BRAND20170,BrandStore_170,Mumbai,Rajasthan,2025-06-12 09:50:24
BRAND20171,BrandStore_171,Mumbai,Karnataka,2023-03-27 23:54:56
BRAND20172,BrandStore_172,Delhi,Telangana,2023-01-16 04:06:26
BRAND20173,BrandStore_173,Nagpur,Rajasthan,2025-12-06 02:55:56
BRAND20174,BrandStore_174,Surat,Maharashtra,2025-04-07 21:25:30
BRAND20175,BrandStore_175,Lucknow,Gujarat,2024-01-20 13:58:33
BRAND20176,BrandStore_176,Nagpur,Tamil Nadu,2025-12-19 17:27:09
BRAND20177,BrandStore_177,Hyderabad,Gujarat,2023-02-04 08:33:58
BRAND20178,BrandStore_178,Delhi,Delhi,2024-05-06 07:26:26
BRAND20179,BrandStore_179,Mumbai,West Bengal,2023-05-27 04:40:48
BRAND20180,BrandStore_180,Ahmedabad,Uttar Pradesh,2023-07-07 16:06:38
BRAND20181,BrandStore_181,Mumbai,Uttar Pradesh,2025-04-29 22:14:46
BRAND20182,BrandStore_182,Bengaluru,Gujarat,2025-03-06 15:05:18
BRAND20183,BrandStore_183,Surat,Karnataka,2023-05-22 12:37:53
BRAND20184,BrandStore_184,Bengaluru,Delhi,2023-04-15 13:27:53
BRAND20185,BrandStore_185,Kolkata,West Bengal,2023-12-24 17:56:42
BRAND20186,BrandStore_186,Mumbai,Maharashtra,2024-02-03 21:07:11
BRAND20187,BrandStore_187,Surat,Karnataka,2023-05-26 22:39:01
BRAND20188,BrandStore_188,Jaipur,Rajasthan,2023-03-19 00:24:54
BRAND20189,BrandStore_189,Mumbai,Gujarat,2023-12-15 20:32:28
BRAND20190,BrandStore_190,Nagpur,Maharashtra,2024-08-04 15:24:18
BRAND20191,BrandStore_191,Kolkata,West Bengal,2024-01-05 21:32:31
BRAND20192,BrandStore_192,Hyderabad,Tamil Nadu,2023-08-20 03:28:16
BRAND20193,BrandStore_193,Ahmedabad,Karnataka,2024-07-13 10:31:49
BRAND20194,BrandStore_194,Bengaluru,Maharashtra,2025-04-26 02:58:01
BRAND20195,BrandStore_195,Ahmedabad,Telangana,2023-02-06 03:21:18
BRAND20196,BrandStore_196,Kolkata,Rajasthan,2025-03-12 07:02:32
BRAND20197,BrandStore_197,Bengaluru,Gujarat,2024-10-02 20:05:40
BRAND20198,BrandStore_198,Ahmedabad,Delhi,2023-12-29 00:41:49
BRAND20199,BrandStore_199,Lucknow,Maharashtra,2024-10-03 02:18:24
BRAND20200,BrandStore_200,Ahmedabad,Tamil Nadu,2023-10-23 13:02:09
BRAND20201,BrandStore_201,Pune,Gujarat,2023-10-19 08:57:51
BRAND20202,BrandStore_202,Nagpur,Gujarat,2024-06-16 16:00:53
BRAND20203,BrandStore_203,Chennai,Maharashtra,2025-08-30 05:48:22
BRAND20204,BrandStore_204,Kolkata,West Bengal,2025-12-13 14:08:24
BRAND20205,BrandStore_205,Jaipur,Delhi,2023-11-03 17:11:02
BRAND20206,BrandStore_206,Kolkata,Tamil Nadu,2024-07-02 13:23:43
BRAND20207,BrandStore_207,Mumbai,West Bengal,2023-06-16 02:07:05
BRAND20208,BrandStore_208,Kolkata,Gujarat,2025-09-23 03:07:01
BRAND20209,BrandStore_209,Hyderabad,Maharashtra,2023-09-06 11:24:37
BRAND20210,BrandStore_210,Hyderabad,Delhi,2023-10-12 10:46:27
BRAND20211,BrandStore_211,Jaipur,Gujarat,2025-04-18 01:12:28
BRAND20212,BrandStore_212,Hyderabad,Karnataka,2024-07-14 03:54:35
BRAND20213,BrandStore_213,Surat,Tamil Nadu,2024-05-25 10:42:50
BRAND20214,BrandStore_214,Pune,Gujarat,2024-03-14 10:07:00
BRAND20215,BrandStore_215,Delhi,Tamil Nadu,2025-07-23 15:56:08
BRAND20216,BrandStore_216,Chennai,Maharashtra,2024-12-30 02:16:36
BRAND20217,BrandStore_217,Chennai,Gujarat,2023-01-24 14:08:25
BRAND20218,BrandStore_218,Lucknow,Maharashtra,2023-01-22 18:28:06
BRAND20219,BrandStore_219,Ahmedabad,Tamil Nadu,2024-06-23 13:19:16
BRAND20220,BrandStore_220,Jaipur,Gujarat,2023-02-23 08:07:24
BRAND20221,BrandStore_221,Chennai,Maharashtra,2024-05-07 16:29:16
BRAND20222,BrandStore_222,Pune,Maharashtra,2024-09-21 14:04:08
BRAND20223,BrandStore_223,Surat,Rajasthan,2025-12-26 02:06:37
BRAND20224,BrandStore_224,Nagpur,Rajasthan,2025-10-18 08:02:49
BRAND20225,BrandStore_225,Surat,Gujarat,2023-06-04 13:49:04
BRAND20226,BrandStore_226,Delhi,Uttar Pradesh,2025-11-30 17:26:13
BRAND20227,BrandStore_227,Delhi,Karnataka,2025-11-15 06:35:06
BRAND20228,BrandStore_228,Mumbai,Delhi,2023-06-20 23:33:51
BRAND20229,BrandStore_229,Ahmedabad,Gujarat,2023-02-20 20:36:25
BRAND20230,BrandStore_230,Lucknow,West Bengal,2024-04-09 19:06:54
BRAND20231,BrandStore_231,Lucknow,Gujarat,2023-10-30 23:05:03
BRAND20232,BrandStore_232,Jaipur,Telangana,2023-11-19 23:26:27
BRAND20233,BrandStore_233,Hyderabad,Tamil Nadu,2025-01-19 13:28:31
BRAND20234,BrandStore_234,Mumbai,Maharashtra,2023-04-14 10:28:42
BRAND20235,BrandStore_235,Delhi,Tamil Nadu,2023-07-14 19:10:40
BRAND20236,BrandStore_236,Ahmedabad,Gujarat,2024-01-10 07:27:56
BRAND20237,BrandStore_237,Kolkata,Maharashtra,2025-08-23 11:17:14
BRAND20238,BrandStore_238,Hyderabad,Uttar Pradesh,2023-02-08 03:24:29
BRAND20239,BrandStore_239,Pune,Delhi,2024-01-30 19:28:00
BRAND20240,BrandStore_240,Kolkata,Maharashtra,2025-06-19 20:23:52
BRAND20241,BrandStore_241,Kolkata,Gujarat,2025-08-15 00:47:18
BRAND20242,BrandStore_242,Kolkata,Karnataka,2024-08-11 14:27:59
BRAND20243,BrandStore_243,Chennai,Maharashtra,2025-08-28 01:54:50
BRAND20244,BrandStore_244,Hyderabad,Delhi,2025-07-13 22:40:58
BRAND20245,BrandStore_245,Nagpur,West Bengal,2025-05-29 20:53:26
BRAND20246,BrandStore_246,Bengaluru,Telangana,2025-11-09 13:01:43
BRAND20247,BrandStore_247,Hyderabad,Telangana,2025-12-03 18:37:12
BRAND20248,BrandStore_248,Pune,Uttar Pradesh,2024-07-02 00:50:04
BRAND20249,BrandStore_249,Delhi,Maharashtra,2025-07-16 01:01:57
BRAND20250,BrandStore_250,Delhi,Tamil Nadu,2023-10-17 08:31:04
BRAND20251,BrandStore_251,Mumbai,Gujarat,2024-07-17 19:51:01
BRAND20252,BrandStore_252,Lucknow,Uttar Pradesh,2025-02-25 00:50:47
BRAND20253,BrandStore_253,Pune,Tamil Nadu,2025-11-11 02:53:45
BRAND20254,BrandStore_254,Nagpur,Telangana,2023-07-25 05:09:12
BRAND20255,BrandStore_255,Delhi,Maharashtra,2025-09-07 10:59:36
BRAND20256,BrandStore_256,Pune,Delhi,2025-04-28 12:09:24
BRAND20257,BrandStore_257,Mumbai,Uttar Pradesh,2025-03-01 16:45:24
BRAND20258,BrandStore_258,Ahmedabad,West Bengal,2024-06-18 05:50:21
BRAND20259,BrandStore_259,Nagpur,Uttar Pradesh,2023-01-03 14:47:36
BRAND20260,BrandStore_260,Kolkata,Delhi,2023-07-04 11:15:56
BRAND20261,BrandStore_261,Delhi,West Bengal,2023-12-10 16:46:29
BRAND20262,BrandStore_262,Delhi,Uttar Pradesh,2025-07-30 16:38:01
BRAND20263,BrandStore_263,Surat,Rajasthan,2023-03-21 03:08:28
BRAND20264,BrandStore_264,Lucknow,Rajasthan,2024-01-25 23:40:25
BRAND20265,BrandStore_265,Ahmedabad,Gujarat,2024-12-19 23:45:10
BRAND20266,BrandStore_266,Lucknow,Rajasthan,2025-11-14 18:25:15
BRAND20267,BrandStore_267,Mumbai,Uttar Pradesh,2023-06-12 13:41:36
BRAND20268,BrandStore_268,Ahmedabad,Gujarat,2023-08-17 13:09:49
BRAND20269,BrandStore_269,Mumbai,Karnataka,2023-11-30 20:03:46
BRAND20270,BrandStore_270,Delhi,Tamil Nadu,2024-02-28 11:22:38
BRAND20271,BrandStore_271,Nagpur,Gujarat,2023-01-18 01:13:12
BRAND20272,BrandStore_272,Bengaluru,West Bengal,2025-07-27 09:56:56
BRAND20273,BrandStore_273,Kolkata,Maharashtra,2023-01-04 02:14:39
BRAND20274,BrandStore_274,Nagpur,Gujarat,2025-09-12 08:35:41
BRAND20275,BrandStore_275,Lucknow,Delhi,2023-11-23 23:17:22
BRAND20276,BrandStore_276,Nagpur,Maharashtra,2025-09-05 09:09:07
BRAND20277,BrandStore_277,Mumbai,Uttar Pradesh,2025-10-03 14:27:42
BRAND20278,BrandStore_278,Bengaluru,Maharashtra,2024-04-08 18:40:42
BRAND20279,BrandStore_279,Bengaluru,Delhi,2023-08-13 04:17:52
BRAND20280,BrandStore_280,Mumbai,Tamil Nadu,2023-09-08 11:10:34
BRAND20281,BrandStore_281,Hyderabad,Uttar Pradesh,2025-05-08 11:00:04
BRAND20282,BrandStore_282,Mumbai,Tamil Nadu,2024-12-26 05:45:31
BRAND20283,BrandStore_283,Jaipur,Uttar Pradesh,2023-06-19 02:40:20
BRAND20284,BrandStore_284,Hyderabad,Maharashtra,2025-10-07 17:54:11
BRAND20285,BrandStore_285,Nagpur,West Bengal,2025-03-25 18:30:27
BRAND20286,BrandStore_286,Pune,Gujarat,2023-08-05 01:07:29
BRAND20287,BrandStore_287,Chennai,West Bengal,2023-04-11 19:47:51
BRAND20288,BrandStore_288,Lucknow,Gujarat,2025-05-11 09:33:38
BRAND20289,BrandStore_289,Chennai,Maharashtra,2023-04-14 22:19:01
BRAND20290,BrandStore_290,Surat,Tamil Nadu,2023-06-09 06:03:39
BRAND20291,BrandStore_291,Bengaluru,Gujarat,2023-02-28 18:27:29
BRAND20292,BrandStore_292,Mumbai,Gujarat,2023-01-20 18:15:09
BRAND20293,BrandStore_293,Jaipur,West Bengal,2023-10-28 00:06:24
BRAND20294,BrandStore_294,Kolkata,Tamil Nadu,2024-12-15 21:54:25
BRAND20295,BrandStore_295,Lucknow,Gujarat,2024-12-28 20:39:57
BRAND20296,BrandStore_296,Kolkata,Telangana,2024-07-22 12:05:18
BRAND20297,BrandStore_297,Nagpur,Telangana,2023-04-13 18:30:00
BRAND20298,BrandStore_298,Kolkata,Gujarat,2023-04-28 18:49:25
BRAND20299,BrandStore_299,Jaipur,Maharashtra,2023-09-17 20:28:47
BRAND20300,BrandStore_300,Surat,West Bengal,2023-06-22 07:25:44
BRAND20301,BrandStore_301,Jaipur,Maharashtra,2023-01-01 06:17:51
BRAND20302,BrandStore_302,Bengaluru,Rajasthan,2023-08-03 06:12:48
BRAND20303,BrandStore_303,Kolkata,Karnataka,2024-01-14 04:45:54
BRAND20304,BrandStore_304,Pune,Maharashtra,2023-02-09 04:47:57
BRAND20305,BrandStore_305,Bengaluru,Gujarat,2023-11-07 13:36:06
BRAND20306,BrandStore_306,Bengaluru,Gujarat,2024-12-04 21:10:39
BRAND20307,BrandStore_307,Hyderabad,Maharashtra,2023-07-15 21:28:36
BRAND20308,BrandStore_308,Pune,Maharashtra,2024-06-03 04:06:17
BRAND20309,BrandStore_309,Delhi,Karnataka,2024-09-04 15:30:49
BRAND20310,BrandStore_310,Nagpur,Tamil Nadu,2024-11-19 08:31:04
BRAND20311,BrandStore_311,Nagpur,Gujarat,2024-07-03 04:56:46
BRAND20312,BrandStore_312,Jaipur,Maharashtra,2023-10-14 16:24:59
BRAND20313,BrandStore_313,Nagpur,Telangana,2024-02-04 15:06:46
BRAND20314,BrandStore_314,Mumbai,Gujarat,2024-10-28 00:35:38
BRAND20315,BrandStore_315,Lucknow,Maharashtra,2024-03-22 00:02:48
BRAND20316,BrandStore_316,Chennai,Maharashtra,2024-12-08 05:30:54
BRAND20317,BrandStore_317,Lucknow,Maharashtra,2024-01-11 04:43:02
BRAND20318,BrandStore_318,Ahmedabad,Karnataka,2024-01-29 20:06:00
BRAND20319,BrandStore_319,Hyderabad,Uttar Pradesh,2024-02-14 07:53:17
BRAND20320,BrandStore_320,Lucknow,Gujarat,2024-06-01 07:42:17
BRAND20321,BrandStore_321,Jaipur,Maharashtra,2025-10-30 00:25:45
BRAND20322,BrandStore_322,Surat,Rajasthan,2023-05-13 06:02:56
BRAND20323,BrandStore_323,Lucknow,West Bengal,2024-03-19 00:34:33
BRAND20324,BrandStore_324,Hyderabad,Maharashtra,2025-02-03 14:31:28
BRAND20325,BrandStore_325,Ahmedabad,Maharashtra,2024-08-03 22:02:18
BRAND20326,BrandStore_326,Mumbai,Delhi,2025-04-25 03:17:26
BRAND20327,BrandStore_327,Mumbai,Maharashtra,2025-03-11 09:20:14
BRAND20328,BrandStore_328,Kolkata,Telangana,2023-12-02 07:00:43
BRAND20329,BrandStore_329,Jaipur,Telangana,2023-03-31 13:31:45
BRAND20330,BrandStore_330,Nagpur,Uttar Pradesh,2025-05-02 10:26:41
BRAND20331,BrandStore_331,Kolkata,Rajasthan,2023-11-29 20:38:02
BRAND20332,BrandStore_332,Pune,Rajasthan,2024-02-21 19:20:47
BRAND20333,BrandStore_333,Delhi,Karnataka,2025-05-01 22:05:39
BRAND20334,BrandStore_334,Kolkata,Maharashtra,2025-07-10 19:48:43
BRAND20335,BrandStore_335,Jaipur,Delhi,2025-08-25 23:46:57
BRAND20336,BrandStore_336,Surat,West Bengal,2024-03-16 08:16:12
BRAND20337,BrandStore_337,Kolkata,West Bengal,2025-01-03 04:40:12
BRAND20338,BrandStore_338,Bengaluru,Karnataka,2025-11-21 06:21:04
BRAND20339,BrandStore_339,Bengaluru,Uttar Pradesh,2024-08-05 21:17:43
BRAND20340,BrandStore_340,Nagpur,West Bengal,2025-05-20 07:55:38
BRAND20341,BrandStore_341,Jaipur,Rajasthan,2023-10-24 04:32:33
BRAND20342,BrandStore_342,Surat,Maharashtra,2023-05-01 13:48:58
BRAND20343,BrandStore_343,Surat,Tamil Nadu,2025-05-23 22:28:58
BRAND20344,BrandStore_344,Chennai,Maharashtra,2025-10-23 18:36:11
BRAND20345,BrandStore_345,Mumbai,Tamil Nadu,2023-08-05 19:05:58
BRAND20346,BrandStore_346,Hyderabad,Maharashtra,2023-11-04 22:02:16
BRAND20347,BrandStore_347,Nagpur,Maharashtra,2023-04-06 07:39:40
BRAND20348,BrandStore_348,Jaipur,Karnataka,2023-02-12 16:21:29
BRAND20349,BrandStore_349,Bengaluru,Delhi,2024-04-09 23:03:16
BRAND20350,BrandStore_350,Mumbai,Uttar Pradesh,2025-12-16 09:41:33
BRAND20351,BrandStore_351,Surat,Gujarat,2025-10-07 16:31:53
BRAND20352,BrandStore_352,Pune,Rajasthan,2024-03-03 08:04:12
BRAND20353,BrandStore_353,Nagpur,Maharashtra,2024-11-02 04:10:10
BRAND20354,BrandStore_354,Kolkata,Gujarat,2024-06-03 01:45:07
BRAND20355,BrandStore_355,Pune,Delhi,2023-01-01 14:04:02
BRAND20356,BrandStore_356,Surat,Tamil Nadu,2025-04-21 05:59:04
BRAND20357,BrandStore_357,Mumbai,Telangana,2025-11-02 07:28:42
BRAND20358,BrandStore_358,Chennai,Telangana,2023-01-09 01:06:25
BRAND20359,BrandStore_359,Bengaluru,West Bengal,2025-01-06 19:40:51
BRAND20360,BrandStore_360,Bengaluru,Telangana,2025-05-31 21:19:14
BRAND20361,BrandStore_361,Kolkata,Rajasthan,2024-07-08 16:18:20
BRAND20362,BrandStore_362,Nagpur,Uttar Pradesh,2024-06-17 21:09:27
BRAND20363,BrandStore_363,Ahmedabad,Telangana,2024-08-18 01:43:09
BRAND20364,BrandStore_364,Hyderabad,Gujarat,2025-03-07 00:36:18
BRAND20365,BrandStore_365,Hyderabad,Tamil Nadu,2023-10-05 19:11:48
BRAND20366,BrandStore_366,Bengaluru,West Bengal,2024-03-15 17:22:55
BRAND20367,BrandStore_367,Hyderabad,Rajasthan,2025-02-25 07:18:23
BRAND20368,BrandStore_368,Kolkata,West Bengal,2024-11-04 23:35:35
BRAND20369,BrandStore_369,Lucknow,Gujarat,2025-01-26 21:45:21
BRAND20370,BrandStore_370,Chennai,Maharashtra,2025-10-16 23:20:33
BRAND20371,BrandStore_371,Surat,Maharashtra,2025-04-17 12:52:07
BRAND20372,BrandStore_372,Bengaluru,Maharashtra,2023-11-28 13:58:16
BRAND20373,BrandStore_373,Surat,Maharashtra,2023-06-15 13:17:38
BRAND20374,BrandStore_374,Chennai,Maharashtra,2023-03-13 03:25:53
BRAND20375,BrandStore_375,Ahmedabad,West Bengal,2025-12-03 17:06:40
BRAND20376,BrandStore_376,Chennai,West Bengal,2023-07-23 12:48:57
BRAND20377,BrandStore_377,Hyderabad,Karnataka,2025-10-17 12:49:40
BRAND20378,BrandStore_378,Bengaluru,Gujarat,2023-12-08 23:03:14
BRAND20379,BrandStore_379,Pune,Gujarat,2024-05-28 20:08:22
BRAND20380,BrandStore_380,Nagpur,Gujarat,2024-04-02 18:45:37
BRAND20381,BrandStore_381,Ahmedabad,Maharashtra,2024-05-23 20:06:48
BRAND20382,BrandStore_382,Delhi,Maharashtra,2025-02-17 11:26:45
BRAND20383,BrandStore_383,Kolkata,Maharashtra,2024-01-09 23:40:50
BRAND20384,BrandStore_384,Hyderabad,Gujarat,2024-05-30 07:57:28
BRAND20385,BrandStore_385,Pune,Tamil Nadu,2025-08-17 09:10:29
BRAND20386,BrandStore_386,Bengaluru,Telangana,2024-07-23 12:27:11
BRAND20387,BrandStore_387,Chennai,Gujarat,2025-02-02 10:56:00
BRAND20388,BrandStore_388,Pune,Gujarat,2025-12-15 17:59:52
BRAND20389,BrandStore_389,Delhi,Maharashtra,2024-03-02 12:01:34
BRAND20390,BrandStore_390,Ahmedabad,Tamil Nadu,2025-04-24 06:18:29
BRAND20391,BrandStore_391,Surat,Maharashtra,2023-10-30 22:19:26
BRAND20392,BrandStore_392,Nagpur,Telangana,2023-11-03 04:44:19
BRAND20393,BrandStore_393,Surat,Tamil Nadu,2023-08-02 22:26:06
BRAND20394,BrandStore_394,Nagpur,Rajasthan,2025-03-12 19:45:34
BRAND20395,BrandStore_395,Mumbai,Maharashtra,2023-12-18 16:51:59
BRAND20396,BrandStore_396,Chennai,Karnataka,2025-01-17 07:27:57
BRAND20397,BrandStore_397,Surat,West Bengal,2023-07-27 20:10:32
BRAND20398,BrandStore_398,Delhi,Rajasthan,2023-01-31 08:13:56
BRAND20399,BrandStore_399,Mumbai,Uttar Pradesh,2023-02-21 23:02:33
BRAND20400,BrandStore_400,Jaipur,Maharashtra,2024-03-02 15:47:15
BRAND20401,BrandStore_401,Chennai,Maharashtra,2023-05-14 09:03:42
BRAND20402,BrandStore_402,Ahmedabad,Uttar Pradesh,2024-05-31 22:24:07
BRAND20403,BrandStore_403,Bengaluru,Gujarat,2023-07-23 16:58:11
BRAND20404,BrandStore_404,Hyderabad,Telangana,2025-05-10 08:12:42
BRAND20405,BrandStore_405,Lucknow,Rajasthan,2025-04-18 02:54:07
BRAND20406,BrandStore_406,Nagpur,Maharashtra,2023-02-27 14:08:55
BRAND20407,BrandStore_407,Jaipur,Maharashtra,2025-11-22 04:11:59
BRAND20408,BrandStore_408,Lucknow,Maharashtra,2025-06-18 00:09:03
BRAND20409,BrandStore_409,Lucknow,Tamil Nadu,2023-10-12 19:05:31
BRAND20410,BrandStore_410,Bengaluru,Tamil Nadu,2025-02-27 10:45:45
BRAND20411,BrandStore_411,Surat,Tamil Nadu,2023-04-04 17:10:23
BRAND20412,BrandStore_412,Ahmedabad,Maharashtra,2025-06-11 03:53:57
BRAND20413,BrandStore_413,Pune,Maharashtra,2024-01-17 12:58:00
BRAND20414,BrandStore_414,Nagpur,Delhi,2024-11-23 03:22:19
BRAND20415,BrandStore_415,Delhi,West Bengal,2025-08-01 17:48:56
BRAND20416,BrandStore_416,Hyderabad,Gujarat,2024-08-22 20:53:40
BRAND20417,BrandStore_417,Lucknow,Maharashtra,2023-10-23 21:52:34
BRAND20418,BrandStore_418,Mumbai,West Bengal,2023-06-20 01:58:20
BRAND20419,BrandStore_419,Delhi,Karnataka,2023-08-30 12:47:44
BRAND20420,BrandStore_420,Ahmedabad,Tamil Nadu,2024-10-21 03:01:11
BRAND20421,BrandStore_421,Bengaluru,Karnataka,2025-05-24 19:29:31
BRAND20422,BrandStore_422,Ahmedabad,Gujarat,2024-11-25 17:58:40
BRAND20423,BrandStore_423,Chennai,Rajasthan,2024-02-01 06:45:21
BRAND20424,BrandStore_424,Jaipur,Maharashtra,2025-01-30 09:35:15
BRAND20425,BrandStore_425,Ahmedabad,Gujarat,2023-07-24 02:09:51
BRAND20426,BrandStore_426,Delhi,Tamil Nadu,2025-02-08 05:17:15
BRAND20427,BrandStore_427,Jaipur,Telangana,2023-08-07 22:55:41
BRAND20428,BrandStore_428,Hyderabad,West Bengal,2023-01-10 03:47:20
BRAND20429,BrandStore_429,Lucknow,Tamil Nadu,2023-10-09 12:14:00
BRAND20430,BrandStore_430,Ahmedabad,Delhi,2023-06-01 16:53:42
BRAND20431,BrandStore_431,Delhi,Tamil Nadu,2023-09-28 11:57:34
BRAND20432,BrandStore_432,Hyderabad,Rajasthan,2025-12-08 00:54:55
BRAND20433,BrandStore_433,Pune,Maharashtra,2023-07-20 16:44:25
BRAND20434,BrandStore_434,Lucknow,Maharashtra,2023-06-04 13:43:45
BRAND20435,BrandStore_435,Bengaluru,Tamil Nadu,2024-10-21 09:48:15
BRAND20436,BrandStore_436,Lucknow,Karnataka,2025-01-31 17:55:25
BRAND20437,BrandStore_437,Nagpur,Rajasthan,2025-07-28 22:27:24
BRAND20438,BrandStore_438,Pune,Gujarat,2025-03-13 07:12:14
BRAND20439,BrandStore_439,Bengaluru,Maharashtra,2024-11-15 21:35:00
BRAND20440,BrandStore_440,Chennai,West Bengal,2024-07-30 04:05:32
BRAND20441,BrandStore_441,Nagpur,Rajasthan,2024-09-05 16:14:41
BRAND20442,BrandStore_442,Lucknow,Karnataka,2025-08-09 13:29:19
BRAND20443,BrandStore_443,Jaipur,Maharashtra,2023-12-13 17:54:07
BRAND20444,BrandStore_444,Delhi,Delhi,2023-04-09 01:31:05
BRAND20445,BrandStore_445,Jaipur,Maharashtra,2023-05-18 09:16:11
BRAND20446,BrandStore_446,Hyderabad,Telangana,2025-03-19 22:22:18
BRAND20447,BrandStore_447,Jaipur,Maharashtra,2025-11-14 16:05:10
BRAND20448,BrandStore_448,Kolkata,Delhi,2023-01-09 12:36:50
BRAND20449,BrandStore_449,Pune,West Bengal,2024-06-08 19:49:33
BRAND20450,BrandStore_450,Delhi,Maharashtra,2024-09-15 22:05:44
BRAND20451,BrandStore_451,Surat,Delhi,2023-01-13 08:30:41
BRAND20452,BrandStore_452,Mumbai,Uttar Pradesh,2023-12-07 02:27:58
BRAND20453,BrandStore_453,Delhi,Telangana,2025-03-01 09:00:08
BRAND20454,BrandStore_454,Pune,Karnataka,2024-12-03 03:34:38
BRAND20455,BrandStore_455,Jaipur,Uttar Pradesh,2023-07-31 17:55:29
BRAND20456,BrandStore_456,Mumbai,West Bengal,2025-06-30 00:29:34
BRAND20457,BrandStore_457,Mumbai,Maharashtra,2025-01-11 15:24:51
BRAND20458,BrandStore_458,Kolkata,Gujarat,2024-04-05 09:45:56
BRAND20459,BrandStore_459,Kolkata,Rajasthan,2025-05-07 05:23:12
BRAND20460,BrandStore_460,Jaipur,Maharashtra,2025-08-25 07:08:55
BRAND20461,BrandStore_461,Jaipur,Maharashtra,2023-10-08 04:13:12
BRAND20462,BrandStore_462,Lucknow,Tamil Nadu,2023-10-15 11:21:15
BRAND20463,BrandStore_463,Mumbai,Maharashtra,2023-05-01 16:24:38
BRAND20464,BrandStore_464,Hyderabad,Gujarat,2023-09-21 18:47:43
BRAND20465,BrandStore_465,Lucknow,Karnataka,2025-02-11 03:57:11
BRAND20466,BrandStore_466,Jaipur,Tamil Nadu,2023-01-04 16:57:59
BRAND20467,BrandStore_467,Surat,West Bengal,2024-02-02 04:02:01
BRAND20468,BrandStore_468,Jaipur,Rajasthan,2023-02-11 00:15:33
BRAND20469,BrandStore_469,Chennai,Gujarat,2024-07-10 13:58:30
BRAND20470,BrandStore_470,Kolkata,Maharashtra,2025-02-28 09:14:54
BRAND20471,BrandStore_471,Jaipur,Gujarat,2025-10-20 04:41:39
BRAND20472,BrandStore_472,Mumbai,Karnataka,2024-01-20 11:04:02
BRAND20473,BrandStore_473,Ahmedabad,Gujarat,2023-01-14 01:18:57
BRAND20474,BrandStore_474,Surat,Maharashtra,2023-09-29 13:50:37
BRAND20475,BrandStore_475,Nagpur,Maharashtra,2024-12-01 19:54:33
BRAND20476,BrandStore_476,Jaipur,Rajasthan,2025-02-05 09:11:47
BRAND20477,BrandStore_477,Ahmedabad,Telangana,2024-09-16 07:49:15
BRAND20478,BrandStore_478,Mumbai,Karnataka,2024-12-23 11:40:35
BRAND20479,BrandStore_479,Nagpur,Maharashtra,2024-01-02 01:18:33
BRAND20480,BrandStore_480,Delhi,Uttar Pradesh,2025-08-13 02:58:17
BRAND20481,BrandStore_481,Delhi,Gujarat,2024-03-14 16:18:57
BRAND20482,BrandStore_482,Surat,Gujarat,2024-04-21 04:11:04
BRAND20483,BrandStore_483,Kolkata,Telangana,2023-08-25 11:26:10
BRAND20484,BrandStore_484,Kolkata,Maharashtra,2025-11-18 17:33:26
BRAND20485,BrandStore_485,Kolkata,Karnataka,2023-03-17 05:32:34
BRAND20486,BrandStore_486,Chennai,Maharashtra,2025-12-12 11:08:42
BRAND20487,BrandStore_487,Mumbai,Karnataka,2023-06-01 04:39:07
BRAND20488,BrandStore_488,Lucknow,Tamil Nadu,2023-07-07 03:12:14
BRAND20489,BrandStore_489,Delhi,Telangana,2024-02-11 20:45:36
BRAND20490,BrandStore_490,Bengaluru,Maharashtra,2023-12-03 09:17:40
BRAND20491,BrandStore_491,Hyderabad,Maharashtra,2025-12-24 06:11:58
BRAND20492,BrandStore_492,Kolkata,Maharashtra,2023-01-18 11:54:29
BRAND20493,BrandStore_493,Mumbai,Uttar Pradesh,2023-12-05 04:45:29
BRAND20494,BrandStore_494,Mumbai,Maharashtra,2025-09-19 17:41:06
BRAND20495,BrandStore_495,Bengaluru,Gujarat,2024-02-17 01:27:46
BRAND20496,BrandStore_496,Jaipur,Telangana,2023-02-14 13:17:58
BRAND20497,BrandStore_497,Surat,Gujarat,2023-12-01 19:56:04
BRAND20498,BrandStore_498,Nagpur,Gujarat,2024-04-26 11:21:38
BRAND20499,BrandStore_499,Mumbai,Gujarat,2023-08-27 23:33:53
BRAND20500,BrandStore_500,Delhi,Gujarat,2023-05-05 16:52:06
BRAND20501,BrandStore_501,Nagpur,Karnataka,2025-06-02 18:25:32
BRAND20502,BrandStore_502,Delhi,Delhi,2024-02-07 03:56:26
BRAND20503,BrandStore_503,Delhi,Uttar Pradesh,2023-08-19 04:43:18
BRAND20504,BrandStore_504,Bengaluru,Maharashtra,2025-04-16 15:58:30
BRAND20505,BrandStore_505,Jaipur,Gujarat,2025-05-26 13:37:28
BRAND20506,BrandStore_506,Jaipur,Telangana,2025-11-03 05:17:49
BRAND20507,BrandStore_507,Lucknow,Karnataka,2025-09-13 07:39:21
BRAND20508,BrandStore_508,Surat,Karnataka,2023-11-16 05:55:00
BRAND20509,BrandStore_509,Surat,West Bengal,2025-05-17 21:41:25
BRAND20510,BrandStore_510,Lucknow,Maharashtra,2025-02-11 07:13:09
BRAND20511,BrandStore_511,Delhi,Maharashtra,2025-03-23 12:57:56
BRAND20512,BrandStore_512,Nagpur,Delhi,2025-07-28 06:06:14
BRAND20513,BrandStore_513,Delhi,Gujarat,2025-12-06 02:37:30
BRAND20514,BrandStore_514,Jaipur,Maharashtra,2023-05-04 05:10:48
BRAND20515,BrandStore_515,Lucknow,Tamil Nadu,2023-08-18 01:40:47
BRAND20516,BrandStore_516,Surat,Tamil Nadu,2025-11-19 20:14:28
BRAND20517,BrandStore_517,Mumbai,Tamil Nadu,2025-01-08 06:03:58
BRAND20518,BrandStore_518,Kolkata,Telangana,2023-10-06 09:12:03
BRAND20519,BrandStore_519,Kolkata,Telangana,2025-05-20 14:48:30
BRAND20520,BrandStore_520,Surat,Gujarat,2023-12-08 18:41:15
BRAND20521,BrandStore_521,Jaipur,Rajasthan,2024-10-04 15:29:32
BRAND20522,BrandStore_522,Jaipur,Telangana,2024-01-04 05:38:24
BRAND20523,BrandStore_523,Jaipur,Maharashtra,2025-03-26 03:09:33
BRAND20524,BrandStore_524,Surat,Rajasthan,2025-03-13 15:55:20
BRAND20525,BrandStore_525,Jaipur,Tamil Nadu,2023-08-19 20:26:00
BRAND20526,BrandStore_526,Ahmedabad,West Bengal,2024-11-20 21:17:49
BRAND20527,BrandStore_527,Hyderabad,Telangana,2025-02-07 14:21:03
BRAND20528,BrandStore_528,Ahmedabad,Rajasthan,2024-02-05 15:10:55
BRAND20529,BrandStore_529,Chennai,Uttar Pradesh,2025-03-16 16:53:42
BRAND20530,BrandStore_530,Mumbai,Karnataka,2025-05-24 22:01:33
BRAND20531,BrandStore_531,Kolkata,Uttar Pradesh,2023-08-13 14:34:10
BRAND20532,BrandStore_532,Jaipur,Tamil Nadu,2023-04-03 16:02:29
BRAND20533,BrandStore_533,Surat,Tamil Nadu,2025-01-17 22:08:18
BRAND20534,BrandStore_534,Kolkata,Gujarat,2025-06-06 16:24:54
BRAND20535,BrandStore_535,Pune,Gujarat,2024-09-27 01:34:35
BRAND20536,BrandStore_536,Mumbai,Rajasthan,2024-06-22 12:58:26
BRAND20537,BrandStore_537,Ahmedabad,Maharashtra,2024-08-28 06:49:58
BRAND20538,BrandStore_538,Hyderabad,Maharashtra,2023-02-05 13:46:41
BRAND20539,BrandStore_539,Lucknow,Delhi,2023-01-04 01:25:03
BRAND20540,BrandStore_540,Nagpur,Uttar Pradesh,2023-12-05 13:06:07
BRAND20541,BrandStore_541,Mumbai,Karnataka,2023-06-01 22:58:15
BRAND20542,BrandStore_542,Mumbai,Telangana,2025-04-13 02:32:00
BRAND20543,BrandStore_543,Pune,Maharashtra,2025-05-22 17:45:17
BRAND20544,BrandStore_544,Pune,Maharashtra,2025-01-06 12:13:11
BRAND20545,BrandStore_545,Jaipur,Gujarat,2024-01-22 10:32:28
BRAND20546,BrandStore_546,Bengaluru,Uttar Pradesh,2024-09-13 02:48:44
BRAND20547,BrandStore_547,Kolkata,Gujarat,2023-12-04 09:40:45
BRAND20548,BrandStore_548,Jaipur,Maharashtra,2023-10-13 19:31:34
BRAND20549,BrandStore_549,Surat,Maharashtra,2023-10-17 12:48:20
BRAND20550,BrandStore_550,Hyderabad,Gujarat,2024-08-31 06:34:58
BRAND20551,BrandStore_551,Bengaluru,Maharashtra,2025-11-19 20:00:01
BRAND20552,BrandStore_552,Lucknow,Delhi,2024-04-09 16:45:03
BRAND20553,BrandStore_553,Nagpur,Gujarat,2023-12-13 22:46:28
BRAND20554,BrandStore_554,Ahmedabad,Maharashtra,2023-02-17 07:25:21
BRAND20555,BrandStore_555,Chennai,Maharashtra,2023-11-18 06:26:45
BRAND20556,BrandStore_556,Mumbai,Delhi,2023-04-08 21:53:40
BRAND20557,BrandStore_557,Chennai,Delhi,2025-02-26 17:09:14
BRAND20558,BrandStore_558,Chennai,Tamil Nadu,2025-07-20 08:08:00
BRAND20559,BrandStore_559,Mumbai,Uttar Pradesh,2024-01-01 05:31:02
BRAND20560,BrandStore_560,Chennai,Karnataka,2024-03-22 21:45:26
BRAND20561,BrandStore_561,Mumbai,Maharashtra,2023-02-27 18:43:10
BRAND20562,BrandStore_562,Hyderabad,Telangana,2023-11-15 04:36:08
BRAND20563,BrandStore_563,Pune,Maharashtra,2024-05-26 23:22:26
BRAND20564,BrandStore_564,Kolkata,Rajasthan,2025-03-29 13:22:45
BRAND20565,BrandStore_565,Chennai,Uttar Pradesh,2025-02-07 06:56:00
BRAND20566,BrandStore_566,Mumbai,Gujarat,2023-10-06 16:59:22
BRAND20567,BrandStore_567,Hyderabad,Delhi,2023-07-20 12:12:10
BRAND20568,BrandStore_568,Mumbai,Tamil Nadu,2025-01-07 09:02:03
BRAND20569,BrandStore_569,Mumbai,Maharashtra,2023-12-04 06:31:18
BRAND20570,BrandStore_570,Kolkata,Karnataka,2023-09-16 17:19:53
BRAND20571,BrandStore_571,Chennai,Uttar Pradesh,2023-07-24 14:16:48
BRAND20572,BrandStore_572,Ahmedabad,Tamil Nadu,2024-11-27 19:48:23
BRAND20573,BrandStore_573,Pune,West Bengal,2025-02-16 11:55:14
BRAND20574,BrandStore_574,Chennai,Gujarat,2024-01-25 14:21:34
BRAND20575,BrandStore_575,Delhi,Telangana,2024-11-21 10:47:56
BRAND20576,BrandStore_576,Nagpur,Tamil Nadu,2024-01-08 11:21:28
BRAND20577,BrandStore_577,Kolkata,Karnataka,2023-02-28 05:14:02
BRAND20578,BrandStore_578,Delhi,Maharashtra,2023-04-20 08:18:31
BRAND20579,BrandStore_579,Surat,Tamil Nadu,2024-09-30 15:09:18
BRAND20580,BrandStore_580,Jaipur,Gujarat,2025-07-08 17:45:14
BRAND20581,BrandStore_581,Mumbai,West Bengal,2024-11-20 23:08:12
BRAND20582,BrandStore_582,Delhi,West Bengal,2024-02-14 23:17:48
BRAND20583,BrandStore_583,Hyderabad,Karnataka,2024-12-15 12:37:56
BRAND20584,BrandStore_584,Lucknow,Maharashtra,2023-11-29 11:34:14
BRAND20585,BrandStore_585,Bengaluru,Gujarat,2025-03-08 21:36:38
BRAND20586,BrandStore_586,Pune,Tamil Nadu,2024-04-28 23:59:20
BRAND20587,BrandStore_587,Mumbai,Maharashtra,2023-07-11 14:37:45
BRAND20588,BrandStore_588,Bengaluru,Delhi,2025-10-21 23:00:22
BRAND20589,BrandStore_589,Delhi,Karnataka,2024-12-27 21:30:04
BRAND20590,BrandStore_590,Surat,Karnataka,2024-07-30 15:39:11
BRAND20591,BrandStore_591,Surat,Rajasthan,2025-07-23 13:43:55
BRAND20592,BrandStore_592,Ahmedabad,Uttar Pradesh,2025-10-20 16:29:15
BRAND20593,BrandStore_593,Jaipur,Maharashtra,2024-10-05 14:05:28
BRAND20594,BrandStore_594,Nagpur,Gujarat,2025-05-19 20:16:44
BRAND20595,BrandStore_595,Hyderabad,Telangana,2023-11-25 10:44:16
BRAND20596,BrandStore_596,Pune,Telangana,2024-03-03 02:00:07
BRAND20597,BrandStore_597,Pune,Tamil Nadu,2023-05-02 02:37:38
BRAND20598,BrandStore_598,Pune,West Bengal,2023-08-07 04:23:33
BRAND20599,BrandStore_599,Pune,Gujarat,2023-05-29 17:07:24
BRAND20600,BrandStore_600,Lucknow,Karnataka,2024-07-16 13:25:34
BRAND20601,BrandStore_601,Surat,Tamil Nadu,2024-11-01 22:46:52
BRAND20602,BrandStore_602,Delhi,Maharashtra,2025-11-08 21:24:54
BRAND20603,BrandStore_603,Hyderabad,Gujarat,2023-12-19 15:25:37
BRAND20604,BrandStore_604,Chennai,Gujarat,2024-11-18 00:10:31
BRAND20605,BrandStore_605,Chennai,Delhi,2024-04-24 14:20:24
BRAND20606,BrandStore_606,Surat,Maharashtra,2025-04-02 06:52:23
BRAND20607,BrandStore_607,Mumbai,West Bengal,2023-01-12 11:55:00
BRAND20608,BrandStore_608,Jaipur,Rajasthan,2024-04-06 02:57:17
BRAND20609,BrandStore_609,Kolkata,Maharashtra,2024-03-20 20:12:45
BRAND20610,BrandStore_610,Surat,Maharashtra,2023-10-18 13:40:43
BRAND20611,BrandStore_611,Mumbai,Tamil Nadu,2025-11-03 03:01:40
BRAND20612,BrandStore_612,Nagpur,Uttar Pradesh,2023-05-29 23:18:35
BRAND20613,BrandStore_613,Surat,Uttar Pradesh,2023-02-06 03:28:20
BRAND20614,BrandStore_614,Surat,Rajasthan,2025-05-26 02:45:29
BRAND20615,BrandStore_615,Hyderabad,Gujarat,2025-02-16 17:50:43
BRAND20616,BrandStore_616,Bengaluru,West Bengal,2023-09-09 20:47:23
BRAND20617,BrandStore_617,Hyderabad,Tamil Nadu,2024-08-14 14:15:22
BRAND20618,BrandStore_618,Nagpur,Tamil Nadu,2025-11-17 00:51:58
BRAND20619,BrandStore_619,Chennai,Karnataka,2024-04-27 01:16:49
BRAND20620,BrandStore_620,Lucknow,Tamil Nadu,2023-10-29 20:02:01
BRAND20621,BrandStore_621,Delhi,Maharashtra,2025-03-04 13:55:41
BRAND20622,BrandStore_622,Jaipur,Gujarat,2025-10-12 14:08:26
BRAND20623,BrandStore_623,Delhi,Delhi,2025-10-29 16:50:35
BRAND20624,BrandStore_624,Lucknow,Delhi,2024-01-21 03:30:05
BRAND20625,BrandStore_625,Lucknow,Delhi,2023-06-01 11:02:41
BRAND20626,BrandStore_626,Jaipur,Gujarat,2024-04-21 08:18:09
BRAND20627,BrandStore_627,Jaipur,Maharashtra,2024-07-10 01:14:21
BRAND20628,BrandStore_628,Lucknow,West Bengal,2024-04-25 12:20:40
BRAND20629,BrandStore_629,Kolkata,Gujarat,2023-03-23 20:11:58
BRAND20630,BrandStore_630,Bengaluru,Telangana,2025-11-11 19:22:37
BRAND20631,BrandStore_631,Delhi,Maharashtra,2025-12-30 22:07:26
BRAND20632,BrandStore_632,Nagpur,West Bengal,2025-05-18 14:40:36
BRAND20633,BrandStore_633,Mumbai,Uttar Pradesh,2025-11-25 03:45:35
BRAND20634,BrandStore_634,Surat,Rajasthan,2023-03-21 00:44:50
BRAND20635,BrandStore_635,Nagpur,Maharashtra,2025-10-08 21:03:53
BRAND20636,BrandStore_636,Surat,Gujarat,2023-05-12 10:21:59
BRAND20637,BrandStore_637,Pune,Delhi,2025-06-21 02:24:19
BRAND20638,BrandStore_638,Bengaluru,Tamil Nadu,2023-07-07 07:38:54
BRAND20639,BrandStore_639,Kolkata,West Bengal,2025-10-23 21:16:22
BRAND20640,BrandStore_640,Chennai,Gujarat,2024-10-23 08:47:49
BRAND20641,BrandStore_641,Hyderabad,Karnataka,2024-10-27 23:58:21
BRAND20642,BrandStore_642,Chennai,Gujarat,2023-04-12 06:34:06
BRAND20643,BrandStore_643,Hyderabad,Tamil Nadu,2023-10-08 10:28:50
BRAND20644,BrandStore_644,Hyderabad,West Bengal,2025-12-30 19:36:31
BRAND20645,BrandStore_645,Kolkata,Uttar Pradesh,2024-11-13 11:59:09
BRAND20646,BrandStore_646,Delhi,Uttar Pradesh,2024-02-25 00:50:56
BRAND20647,BrandStore_647,Pune,Gujarat,2023-09-04 02:48:44
BRAND20648,BrandStore_648,Lucknow,Rajasthan,2024-12-16 16:27:43
BRAND20649,BrandStore_649,Ahmedabad,Maharashtra,2023-12-07 18:10:42
BRAND20650,BrandStore_650,Ahmedabad,Karnataka,2024-10-17 11:19:33
BRAND20651,BrandStore_651,Ahmedabad,Tamil Nadu,2023-04-20 12:36:55
BRAND20652,BrandStore_652,Pune,Rajasthan,2024-09-17 07:19:59
BRAND20653,BrandStore_653,Kolkata,West Bengal,2024-05-12 02:31:23
BRAND20654,BrandStore_654,Nagpur,Uttar Pradesh,2024-07-05 06:22:12
BRAND20655,BrandStore_655,Mumbai,Telangana,2025-10-26 16:45:53
BRAND20656,BrandStore_656,Pune,Delhi,2024-05-09 00:28:49
BRAND20657,BrandStore_657,Delhi,Maharashtra,2025-10-04 14:19:03
BRAND20658,BrandStore_658,Chennai,Gujarat,2023-01-27 10:54:24
BRAND20659,BrandStore_659,Delhi,Maharashtra,2024-04-12 07:57:32
BRAND20660,BrandStore_660,Delhi,Rajasthan,2024-03-21 08:00:02
BRAND20661,BrandStore_661,Mumbai,Gujarat,2024-09-15 02:16:59
BRAND20662,BrandStore_662,Lucknow,Maharashtra,2024-03-05 07:08:56
BRAND20663,BrandStore_663,Kolkata,Maharashtra,2023-02-04 05:07:41
BRAND20664,BrandStore_664,Pune,Delhi,2025-04-23 10:54:02
BRAND20665,BrandStore_665,Lucknow,Maharashtra,2024-09-08 05:54:52
BRAND20666,BrandStore_666,Pune,Uttar Pradesh,2023-04-21 15:05:52
BRAND20667,BrandStore_667,Chennai,Karnataka,2025-02-03 04:34:38
BRAND20668,BrandStore_668,Jaipur,West Bengal,2025-11-22 05:48:30
BRAND20669,BrandStore_669,Pune,Maharashtra,2023-07-30 22:27:12
BRAND20670,BrandStore_670,Chennai,Maharashtra,2023-11-24 13:13:00
BRAND20671,BrandStore_671,Lucknow,Maharashtra,2024-08-15 01:14:16
BRAND20672,BrandStore_672,Jaipur,Maharashtra,2023-09-04 07:28:54
BRAND20673,BrandStore_673,Ahmedabad,Gujarat,2024-02-17 14:51:26
BRAND20674,BrandStore_674,Lucknow,Maharashtra,2025-09-24 17:15:14
BRAND20675,BrandStore_675,Ahmedabad,Maharashtra,2024-04-02 10:23:48
BRAND20676,BrandStore_676,Lucknow,Gujarat,2024-06-14 11:00:58
BRAND20677,BrandStore_677,Nagpur,Maharashtra,2024-08-28 20:22:46
BRAND20678,BrandStore_678,Ahmedabad,Uttar Pradesh,2024-08-14 02:12:16
BRAND20679,BrandStore_679,Surat,Delhi,2025-06-02 03:00:00
BRAND20680,BrandStore_680,Jaipur,Delhi,2023-02-14 17:08:16
BRAND20681,BrandStore_681,Delhi,Gujarat,2025-05-21 13:44:23
BRAND20682,BrandStore_682,Bengaluru,Tamil Nadu,2023-12-04 14:11:59
BRAND20683,BrandStore_683,Kolkata,Telangana,2023-08-06 01:03:42
BRAND20684,BrandStore_684,Mumbai,West Bengal,2023-10-10 00:10:23
BRAND20685,BrandStore_685,Bengaluru,Gujarat,2025-11-12 05:21:24
BRAND20686,BrandStore_686,Pune,Tamil Nadu,2023-05-27 19:52:54
BRAND20687,BrandStore_687,Ahmedabad,Maharashtra,2025-04-25 19:58:07
BRAND20688,BrandStore_688,Delhi,Maharashtra,2025-08-29 13:57:10
BRAND20689,BrandStore_689,Nagpur,Tamil Nadu,2023-07-29 20:51:17
BRAND20690,BrandStore_690,Bengaluru,Karnataka,2025-08-26 21:37:48
BRAND20691,BrandStore_691,Delhi,Maharashtra,2023-12-26 22:49:20
BRAND20692,BrandStore_692,Bengaluru,Maharashtra,2025-12-24 00:30:28
BRAND20693,BrandStore_693,Kolkata,Tamil Nadu,2025-05-26 06:05:47
BRAND20694,BrandStore_694,Lucknow,Maharashtra,2025-04-12 09:03:41
BRAND20695,BrandStore_695,Nagpur,Maharashtra,2023-05-30 20:51:57
BRAND20696,BrandStore_696,Lucknow,West Bengal,2024-08-04 18:27:09
BRAND20697,BrandStore_697,Bengaluru,Uttar Pradesh,2024-01-08 08:10:09
BRAND20698,BrandStore_698,Bengaluru,Gujarat,2023-04-09 18:04:37
BRAND20699,BrandStore_699,Kolkata,Gujarat,2025-03-02 20:31:01
BRAND20700,BrandStore_700,Bengaluru,Tamil Nadu,2024-09-24 22:30:56
BRAND20701,BrandStore_701,Chennai,Gujarat,2023-06-25 00:18:28
BRAND20702,BrandStore_702,Mumbai,Rajasthan,2025-10-09 23:48:26
BRAND20703,BrandStore_703,Mumbai,Rajasthan,2025-09-27 22:29:03
BRAND20704,BrandStore_704,Lucknow,Gujarat,2023-01-02 11:06:37
BRAND20705,BrandStore_705,Lucknow,Telangana,2023-06-02 13:41:33
BRAND20706,BrandStore_706,Surat,Delhi,2024-08-28 23:21:04
BRAND20707,BrandStore_707,Surat,Maharashtra,2024-04-08 08:59:46
BRAND20708,BrandStore_708,Delhi,Delhi,2024-02-22 03:16:45
BRAND20709,BrandStore_709,Bengaluru,Maharashtra,2023-05-05 04:46:56
BRAND20710,BrandStore_710,Pune,Gujarat,2023-03-05 04:41:57
BRAND20711,BrandStore_711,Delhi,Uttar Pradesh,2023-09-09 00:25:25
BRAND20712,BrandStore_712,Mumbai,Delhi,2023-07-03 21:34:22
BRAND20713,BrandStore_713,Jaipur,Maharashtra,2024-01-03 09:42:48
BRAND20714,BrandStore_714,Delhi,Gujarat,2024-08-24 19:28:00
BRAND20715,BrandStore_715,Delhi,Gujarat,2025-07-29 20:11:49
BRAND20716,BrandStore_716,Mumbai,Telangana,2023-03-29 03:06:06
BRAND20717,BrandStore_717,Mumbai,Gujarat,2023-10-20 08:17:49
BRAND20718,BrandStore_718,Lucknow,Telangana,2025-04-22 06:43:59
BRAND20719,BrandStore_719,Nagpur,Maharashtra,2024-07-14 08:11:16
BRAND20720,BrandStore_720,Delhi,Delhi,2024-08-09 06:50:55
BRAND20721,BrandStore_721,Lucknow,Maharashtra,2023-05-04 22:22:05
BRAND20722,BrandStore_722,Bengaluru,Karnataka,2025-04-20 23:12:19
BRAND20723,BrandStore_723,Ahmedabad,Delhi,2023-06-24 12:48:45
BRAND20724,BrandStore_724,Delhi,Gujarat,2023-08-13 16:23:31
BRAND20725,BrandStore_725,Kolkata,Maharashtra,2024-10-24 23:32:58
BRAND20726,BrandStore_726,Pune,Rajasthan,2023-01-09 02:41:55
BRAND20727,BrandStore_727,Jaipur,Maharashtra,2025-04-27 20:44:56
BRAND20728,BrandStore_728,Mumbai,Gujarat,2023-03-28 10:29:57
BRAND20729,BrandStore_729,Bengaluru,Karnataka,2023-07-27 23:52:45
BRAND20730,BrandStore_730,Nagpur,Maharashtra,2025-10-12 12:03:13
BRAND20731,BrandStore_731,Mumbai,Gujarat,2025-05-23 17:51:43
BRAND20732,BrandStore_732,Jaipur,Telangana,2024-03-15 05:08:14
BRAND20733,BrandStore_733,Nagpur,Uttar Pradesh,2024-04-30 19:14:59
BRAND20734,BrandStore_734,Surat,Gujarat,2023-05-18 09:51:29
BRAND20735,BrandStore_735,Lucknow,Karnataka,2024-08-21 11:25:54
BRAND20736,BrandStore_736,Bengaluru,West Bengal,2025-10-22 09:50:49
BRAND20737,BrandStore_737,Chennai,Telangana,2024-12-01 12:00:09
BRAND20738,BrandStore_738,Ahmedabad,Maharashtra,2024-01-03 14:52:14
BRAND20739,BrandStore_739,Mumbai,West Bengal,2025-01-01 09:52:47
BRAND20740,BrandStore_740,Jaipur,Maharashtra,2024-07-04 05:57:04
BRAND20741,BrandStore_741,Lucknow,West Bengal,2023-03-21 11:55:55
BRAND20742,BrandStore_742,Kolkata,Gujarat,2024-11-11 14:55:21
BRAND20743,BrandStore_743,Kolkata,Maharashtra,2025-02-11 04:39:17
BRAND20744,BrandStore_744,Kolkata,Delhi,2025-05-19 20:15:43
BRAND20745,BrandStore_745,Ahmedabad,Delhi,2025-04-04 13:17:03
BRAND20746,BrandStore_746,Lucknow,Delhi,2024-01-20 04:11:05
BRAND20747,BrandStore_747,Kolkata,West Bengal,2024-12-11 15:48:54
BRAND20748,BrandStore_748,Delhi,Gujarat,2023-04-26 08:32:44
BRAND20749,BrandStore_749,Jaipur,Gujarat,2024-03-15 15:04:10
BRAND20750,BrandStore_750,Surat,Gujarat,2024-06-19 13:36:24
BRAND20751,BrandStore_751,Mumbai,Tamil Nadu,2023-05-04 14:40:42
BRAND20752,BrandStore_752,Nagpur,Rajasthan,2025-09-06 05:12:42
BRAND20753,BrandStore_753,Ahmedabad,Delhi,2025-03-04 22:19:11
BRAND20754,BrandStore_754,Bengaluru,Tamil Nadu,2024-10-12 18:20:03
BRAND20755,BrandStore_755,Ahmedabad,Gujarat,2025-09-15 22:11:52
BRAND20756,BrandStore_756,Nagpur,West Bengal,2024-09-06 14:36:24
BRAND20757,BrandStore_757,Bengaluru,Karnataka,2025-05-05 17:13:15
BRAND20758,BrandStore_758,Ahmedabad,Gujarat,2024-11-05 02:05:39
BRAND20759,BrandStore_759,Pune,Maharashtra,2025-01-18 20:51:59
BRAND20760,BrandStore_760,Surat,Gujarat,2024-07-02 20:14:10
BRAND20761,BrandStore_761,Hyderabad,Telangana,2023-08-08 13:41:50
BRAND20762,BrandStore_762,Hyderabad,Uttar Pradesh,2023-04-19 13:13:53
BRAND20763,BrandStore_763,Lucknow,Maharashtra,2023-08-11 05:36:34
BRAND20764,BrandStore_764,Lucknow,Uttar Pradesh,2023-03-14 09:14:21
BRAND20765,BrandStore_765,Kolkata,Maharashtra,2025-12-08 22:13:48
BRAND20766,BrandStore_766,Pune,Telangana,2023-04-02 05:22:30
BRAND20767,BrandStore_767,Chennai,Maharashtra,2023-08-28 10:28:19
BRAND20768,BrandStore_768,Pune,Uttar Pradesh,2025-10-06 01:09:45
BRAND20769,BrandStore_769,Kolkata,Karnataka,2024-06-24 09:53:52
BRAND20770,BrandStore_770,Lucknow,Uttar Pradesh,2023-03-21 14:40:51
BRAND20771,BrandStore_771,Jaipur,Maharashtra,2023-04-30 22:06:04
BRAND20772,BrandStore_772,Chennai,Maharashtra,2024-03-02 00:07:52
BRAND20773,BrandStore_773,Mumbai,Maharashtra,2023-01-29 16:40:11
BRAND20774,BrandStore_774,Surat,Telangana,2024-12-11 04:39:13
BRAND20775,BrandStore_775,Nagpur,Gujarat,2023-11-03 13:48:24
BRAND20776,BrandStore_776,Ahmedabad,Maharashtra,2024-12-01 14:39:40
BRAND20777,BrandStore_777,Chennai,Maharashtra,2023-07-13 03:45:37
BRAND20778,BrandStore_778,Ahmedabad,Maharashtra,2025-05-06 21:59:46
BRAND20779,BrandStore_779,Surat,Tamil Nadu,2025-11-13 21:07:35
BRAND20780,BrandStore_780,Lucknow,Gujarat,2023-12-19 13:12:38
BRAND20781,BrandStore_781,Delhi,Maharashtra,2023-04-14 14:38:05
BRAND20782,BrandStore_782,Kolkata,Maharashtra,2024-06-21 03:30:43
BRAND20783,BrandStore_783,Pune,West Bengal,2025-08-19 07:36:29
BRAND20784,BrandStore_784,Lucknow,Karnataka,2025-04-18 21:38:22
BRAND20785,BrandStore_785,Hyderabad,Maharashtra,2025-08-08 07:02:07
BRAND20786,BrandStore_786,Chennai,Tamil Nadu,2025-01-12 20:49:00
BRAND20787,BrandStore_787,Bengaluru,Maharashtra,2023-02-17 06:26:47
BRAND20788,BrandStore_788,Pune,Tamil Nadu,2025-07-23 12:54:53
BRAND20789,BrandStore_789,Ahmedabad,Tamil Nadu,2025-08-24 17:47:20
BRAND20790,BrandStore_790,Chennai,Maharashtra,2025-03-09 19:18:57
BRAND20791,BrandStore_791,Jaipur,Maharashtra,2024-09-17 22:44:21
BRAND20792,BrandStore_792,Bengaluru,Tamil Nadu,2024-06-08 17:56:59
BRAND20793,BrandStore_793,Surat,Tamil Nadu,2025-11-01 14:17:32
BRAND20794,BrandStore_794,Lucknow,Maharashtra,2025-02-16 09:01:05
BRAND20795,BrandStore_795,Hyderabad,Karnataka,2025-09-19 02:35:11
BRAND20796,BrandStore_796,Pune,Maharashtra,2023-03-04 00:15:02
BRAND20797,BrandStore_797,Ahmedabad,Maharashtra,2025-12-30 05:34:17
BRAND20798,BrandStore_798,Ahmedabad,Karnataka,2025-06-18 09:55:36
BRAND20799,BrandStore_799,Lucknow,West Bengal,2024-08-02 02:42:32
BRAND20800,BrandStore_800,Chennai,Karnataka,2025-02-26 15:02:40
BRAND20801,BrandStore_801,Ahmedabad,Maharashtra,2024-02-22 04:52:02
BRAND20802,BrandStore_802,Kolkata,Maharashtra,2025-07-04 09:01:08
BRAND20803,BrandStore_803,Bengaluru,Maharashtra,2025-03-10 11:05:00
BRAND20804,BrandStore_804,Bengaluru,Karnataka,2023-11-23 12:23:09
BRAND20805,BrandStore_805,Hyderabad,Tamil Nadu,2023-08-03 08:35:39
BRAND20806,BrandStore_806,Surat,Telangana,2025-03-30 16:25:47
BRAND20807,BrandStore_807,Kolkata,Maharashtra,2023-05-10 15:19:54
BRAND20808,BrandStore_808,Delhi,Rajasthan,2023-05-03 17:09:55
BRAND20809,BrandStore_809,Chennai,Maharashtra,2024-03-12 11:24:10
BRAND20810,BrandStore_810,Delhi,Delhi,2025-01-22 17:08:39
BRAND20811,BrandStore_811,Surat,Maharashtra,2025-06-24 00:15:43
BRAND20812,BrandStore_812,Kolkata,Gujarat,2025-09-26 09:20:31
BRAND20813,BrandStore_813,Mumbai,Gujarat,2025-07-24 16:51:41
BRAND20814,BrandStore_814,Hyderabad,Gujarat,2024-11-11 21:24:12
BRAND20815,BrandStore_815,Bengaluru,Maharashtra,2024-12-14 07:52:15
BRAND20816,BrandStore_816,Mumbai,Telangana,2025-12-17 15:36:38
BRAND20817,BrandStore_817,Chennai,Telangana,2025-12-05 12:59:33
BRAND20818,BrandStore_818,Pune,Gujarat,2023-07-07 20:05:35
BRAND20819,BrandStore_819,Pune,Gujarat,2023-02-23 12:44:23
BRAND20820,BrandStore_820,Surat,Delhi,2023-10-23 10:02:58
BRAND20821,BrandStore_821,Bengaluru,Maharashtra,2023-08-19 20:49:33
BRAND20822,BrandStore_822,Lucknow,Uttar Pradesh,2024-11-16 17:27:21
BRAND20823,BrandStore_823,Lucknow,West Bengal,2024-09-22 18:10:19
BRAND20824,BrandStore_824,Jaipur,Delhi,2024-08-18 03:58:10
BRAND20825,BrandStore_825,Surat,Maharashtra,2023-07-16 18:55:16
BRAND20826,BrandStore_826,Delhi,Karnataka,2023-04-25 00:30:41
BRAND20827,BrandStore_827,Pune,Delhi,2023-06-21 13:38:30
BRAND20828,BrandStore_828,Kolkata,Telangana,2024-04-05 16:32:04
BRAND20829,BrandStore_829,Nagpur,Rajasthan,2023-07-27 08:01:15
BRAND20830,BrandStore_830,Ahmedabad,Rajasthan,2024-02-06 16:33:17
BRAND20831,BrandStore_831,Hyderabad,Gujarat,2025-06-10 06:11:47
BRAND20832,BrandStore_832,Jaipur,Maharashtra,2024-05-29 05:39:27
BRAND20833,BrandStore_833,Pune,Maharashtra,2023-08-17 10:33:34
BRAND20834,BrandStore_834,Nagpur,Karnataka,2023-01-05 22:17:43
BRAND20835,BrandStore_835,Surat,Uttar Pradesh,2024-09-19 00:52:31
BRAND20836,BrandStore_836,Jaipur,Gujarat,2023-06-09 19:14:22
BRAND20837,BrandStore_837,Chennai,Gujarat,2023-02-11 02:38:34
BRAND20838,BrandStore_838,Chennai,Gujarat,2025-05-11 21:14:18
BRAND20839,BrandStore_839,Lucknow,Tamil Nadu,2023-04-24 04:59:10
BRAND20840,BrandStore_840,Kolkata,Gujarat,2025-05-01 22:42:26
BRAND20841,BrandStore_841,Chennai,Delhi,2023-10-18 04:09:34
BRAND20842,BrandStore_842,Surat,Maharashtra,2025-03-31 23:00:21
BRAND20843,BrandStore_843,Bengaluru,Maharashtra,2024-04-30 00:57:59
BRAND20844,BrandStore_844,Hyderabad,Maharashtra,2025-11-07 05:36:53
BRAND20845,BrandStore_845,Lucknow,Delhi,2025-02-02 06:50:14
BRAND20846,BrandStore_846,Pune,Gujarat,2023-05-12 00:03:33
BRAND20847,BrandStore_847,Delhi,Karnataka,2024-03-25 09:05:24
BRAND20848,BrandStore_848,Kolkata,Maharashtra,2025-09-02 17:10:11
BRAND20849,BrandStore_849,Surat,Gujarat,2024-07-21 12:10:49
BRAND20850,BrandStore_850,Jaipur,Gujarat,2025-04-20 16:34:55
BRAND20851,BrandStore_851,Mumbai,West Bengal,2024-05-20 18:51:17
BRAND20852,BrandStore_852,Chennai,Gujarat,2023-12-23 05:33:37
BRAND20853,BrandStore_853,Ahmedabad,Delhi,2023-08-08 16:28:31
BRAND20854,BrandStore_854,Bengaluru,Uttar Pradesh,2023-10-01 06:40:01
BRAND20855,BrandStore_855,Delhi,Telangana,2023-07-18 06:29:41
BRAND20856,BrandStore_856,Chennai,Maharashtra,2024-04-27 09:57:54
BRAND20857,BrandStore_857,Delhi,West Bengal,2023-12-19 01:05:39
BRAND20858,BrandStore_858,Delhi,Karnataka,2023-07-05 13:37:24
BRAND20859,BrandStore_859,Chennai,Gujarat,2024-09-29 21:18:02
BRAND20860,BrandStore_860,Bengaluru,Gujarat,2025-08-03 09:41:01
BRAND20861,BrandStore_861,Hyderabad,Uttar Pradesh,2023-06-11 20:32:27
BRAND20862,BrandStore_862,Nagpur,Maharashtra,2024-12-07 05:28:58
BRAND20863,BrandStore_863,Nagpur,Rajasthan,2024-05-20 12:42:14
BRAND20864,BrandStore_864,Nagpur,Maharashtra,2023-07-25 15:58:05
BRAND20865,BrandStore_865,Surat,Rajasthan,2023-06-20 23:23:42
BRAND20866,BrandStore_866,Bengaluru,West Bengal,2024-04-14 16:00:16
BRAND20867,BrandStore_867,Lucknow,Gujarat,2023-12-01 11:45:13
BRAND20868,BrandStore_868,Nagpur,Telangana,2025-06-25 06:08:56
BRAND20869,BrandStore_869,Hyderabad,Rajasthan,2023-06-23 01:35:07
BRAND20870,BrandStore_870,Kolkata,Karnataka,2025-02-06 09:40:58
BRAND20871,BrandStore_871,Surat,Telangana,2024-10-22 14:57:54
BRAND20872,BrandStore_872,Ahmedabad,Maharashtra,2023-11-07 03:17:33
BRAND20873,BrandStore_873,Mumbai,West Bengal,2024-05-09 19:16:11
BRAND20874,BrandStore_874,Kolkata,Maharashtra,2024-10-23 20:14:16
BRAND20875,BrandStore_875,Delhi,Maharashtra,2025-09-13 00:07:04
BRAND20876,BrandStore_876,Surat,Maharashtra,2023-01-02 02:46:52
BRAND20877,BrandStore_877,Nagpur,Gujarat,2025-01-31 08:42:14
BRAND20878,BrandStore_878,Lucknow,Uttar Pradesh,2025-10-15 06:18:54
BRAND20879,BrandStore_879,Mumbai,Maharashtra,2024-10-10 12:42:48
BRAND20880,BrandStore_880,Nagpur,Telangana,2024-01-19 19:37:59
BRAND20881,BrandStore_881,Bengaluru,Delhi,2025-06-17 04:39:11
BRAND20882,BrandStore_882,Bengaluru,Gujarat,2024-09-06 06:20:34
BRAND20883,BrandStore_883,Nagpur,Gujarat,2023-01-16 22:51:54
BRAND20884,BrandStore_884,Chennai,Gujarat,2023-01-04 23:14:23
BRAND20885,BrandStore_885,Chennai,Gujarat,2023-11-13 23:28:55
BRAND20886,BrandStore_886,Pune,Uttar Pradesh,2024-05-06 23:18:06
BRAND20887,BrandStore_887,Lucknow,Telangana,2023-06-11 04:33:06
BRAND20888,BrandStore_888,Bengaluru,Maharashtra,2024-02-28 09:25:30
BRAND20889,BrandStore_889,Hyderabad,West Bengal,2025-02-18 01:36:13
BRAND20890,BrandStore_890,Chennai,Maharashtra,2025-11-11 02:08:06
BRAND20891,BrandStore_891,Kolkata,Gujarat,2024-10-29 02:53:29
BRAND20892,BrandStore_892,Chennai,Gujarat,2023-05-28 08:39:07
BRAND20893,BrandStore_893,Lucknow,Gujarat,2023-10-07 19:30:39
BRAND20894,BrandStore_894,Mumbai,Rajasthan,2024-08-30 01:23:56
BRAND20895,BrandStore_895,Chennai,Maharashtra,2025-07-28 02:13:41
BRAND20896,BrandStore_896,Mumbai,Karnataka,2024-05-18 23:03:45
BRAND20897,BrandStore_897,Jaipur,Maharashtra,2024-08-14 17:00:38
BRAND20898,BrandStore_898,Delhi,Rajasthan,2024-11-22 18:36:28
BRAND20899,BrandStore_899,Delhi,Maharashtra,2025-12-18 11:52:57
BRAND20900,BrandStore_900,Nagpur,Gujarat,2025-06-21 14:23:46
BRAND20901,BrandStore_901,Hyderabad,Maharashtra,2024-03-15 19:36:23
BRAND20902,BrandStore_902,Hyderabad,Karnataka,2024-12-13 16:12:28
BRAND20903,BrandStore_903,Nagpur,Uttar Pradesh,2024-07-25 02:44:06
BRAND20904,BrandStore_904,Bengaluru,Maharashtra,2024-12-27 13:02:18
BRAND20905,BrandStore_905,Surat,Maharashtra,2025-11-04 07:21:56
BRAND20906,BrandStore_906,Hyderabad,Tamil Nadu,2025-02-05 08:56:31
BRAND20907,BrandStore_907,Ahmedabad,Rajasthan,2025-04-11 15:48:44
BRAND20908,BrandStore_908,Pune,Uttar Pradesh,2023-07-25 15:50:09
BRAND20909,BrandStore_909,Nagpur,West Bengal,2024-05-12 01:56:13
BRAND20910,BrandStore_910,Chennai,Gujarat,2024-04-02 16:06:11
BRAND20911,BrandStore_911,Delhi,Tamil Nadu,2023-12-31 13:57:12
BRAND20912,BrandStore_912,Mumbai,Uttar Pradesh,2024-04-10 16:38:59
BRAND20913,BrandStore_913,Kolkata,Karnataka,2024-10-29 03:45:05
BRAND20914,BrandStore_914,Jaipur,Telangana,2025-06-05 21:21:03
BRAND20915,BrandStore_915,Pune,Telangana,2023-07-20 20:56:17
BRAND20916,BrandStore_916,Ahmedabad,Gujarat,2025-06-01 13:42:15
BRAND20917,BrandStore_917,Nagpur,Gujarat,2023-02-17 20:10:02
BRAND20918,BrandStore_918,Ahmedabad,Rajasthan,2024-02-23 16:50:11
BRAND20919,BrandStore_919,Lucknow,Telangana,2025-08-10 01:05:25
BRAND20920,BrandStore_920,Delhi,West Bengal,2025-05-20 11:40:36
BRAND20921,BrandStore_921,Pune,West Bengal,2023-05-26 15:31:23
BRAND20922,BrandStore_922,Chennai,Telangana,2025-09-19 23:18:32
BRAND20923,BrandStore_923,Kolkata,Maharashtra,2025-03-05 08:43:33
BRAND20924,BrandStore_924,Jaipur,Karnataka,2025-11-29 06:53:41
BRAND20925,BrandStore_925,Mumbai,Rajasthan,2024-06-29 12:15:56
BRAND20926,BrandStore_926,Lucknow,Maharashtra,2023-05-04 18:03:48
BRAND20927,BrandStore_927,Delhi,Karnataka,2023-07-15 07:35:37
BRAND20928,BrandStore_928,Ahmedabad,Gujarat,2024-04-15 12:42:37
BRAND20929,BrandStore_929,Jaipur,Maharashtra,2023-05-24 16:10:21
BRAND20930,BrandStore_930,Nagpur,Rajasthan,2023-09-16 10:21:17
BRAND20931,BrandStore_931,Bengaluru,Gujarat,2023-10-03 19:53:46
BRAND20932,BrandStore_932,Kolkata,Gujarat,2023-12-28 16:55:26
BRAND20933,BrandStore_933,Chennai,Gujarat,2024-01-19 15:18:31
BRAND20934,BrandStore_934,Chennai,Maharashtra,2024-04-30 05:48:07
BRAND20935,BrandStore_935,Bengaluru,Rajasthan,2025-07-13 14:26:50
BRAND20936,BrandStore_936,Surat,Karnataka,2024-05-21 06:09:01
BRAND20937,BrandStore_937,Ahmedabad,West Bengal,2025-04-04 22:30:04
BRAND20938,BrandStore_938,Delhi,Telangana,2024-01-15 16:24:25
BRAND20939,BrandStore_939,Bengaluru,West Bengal,2023-12-27 11:03:26
BRAND20940,BrandStore_940,Ahmedabad,Rajasthan,2024-12-20 22:46:20
BRAND20941,BrandStore_941,Delhi,Uttar Pradesh,2024-02-11 15:15:31
BRAND20942,BrandStore_942,Lucknow,Karnataka,2023-12-04 02:01:09
BRAND20943,BrandStore_943,Kolkata,Uttar Pradesh,2024-03-07 07:34:11
BRAND20944,BrandStore_944,Jaipur,Gujarat,2023-07-18 08:57:36
BRAND20945,BrandStore_945,Ahmedabad,Maharashtra,2025-12-21 09:10:12
BRAND20946,BrandStore_946,Surat,Uttar Pradesh,2025-08-22 02:47:45
BRAND20947,BrandStore_947,Nagpur,Delhi,2024-02-26 23:48:15
BRAND20948,BrandStore_948,Bengaluru,Maharashtra,2024-10-12 08:41:08
BRAND20949,BrandStore_949,Kolkata,Maharashtra,2024-04-22 21:50:36
BRAND20950,BrandStore_950,Lucknow,Delhi,2025-02-04 09:59:58
BRAND20951,BrandStore_951,Hyderabad,Telangana,2024-07-10 07:06:13
BRAND20952,BrandStore_952,Mumbai,Uttar Pradesh,2023-08-23 08:45:26
BRAND20953,BrandStore_953,Bengaluru,West Bengal,2023-12-26 23:17:14
BRAND20954,BrandStore_954,Surat,Maharashtra,2023-12-22 08:47:30
BRAND20955,BrandStore_955,Mumbai,Maharashtra,2023-10-18 22:01:27
BRAND20956,BrandStore_956,Ahmedabad,Tamil Nadu,2025-03-07 15:13:51
BRAND20957,BrandStore_957,Nagpur,Telangana,2025-09-17 06:23:04
BRAND20958,BrandStore_958,Lucknow,Maharashtra,2024-10-26 19:53:23
BRAND20959,BrandStore_959,Pune,Karnataka,2025-06-24 07:10:50
BRAND20960,BrandStore_960,Hyderabad,Telangana,2025-04-22 07:57:56
BRAND20961,BrandStore_961,Nagpur,Maharashtra,2024-11-28 11:43:13
BRAND20962,BrandStore_962,Mumbai,Maharashtra,2023-07-09 02:13:36
BRAND20963,BrandStore_963,Delhi,Maharashtra,2023-04-22 01:51:57
BRAND20964,BrandStore_964,Lucknow,West Bengal,2024-05-11 01:00:08
BRAND20965,BrandStore_965,Ahmedabad,Karnataka,2023-05-04 11:46:33
BRAND20966,BrandStore_966,Chennai,Tamil Nadu,2025-05-31 03:36:28
BRAND20967,BrandStore_967,Nagpur,West Bengal,2023-10-30 22:02:36
BRAND20968,BrandStore_968,Hyderabad,Telangana,2024-07-27 23:56:03
BRAND20969,BrandStore_969,Mumbai,Uttar Pradesh,2024-02-05 05:40:41
BRAND20970,BrandStore_970,Bengaluru,Uttar Pradesh,2024-02-21 07:13:37
BRAND20971,BrandStore_971,Bengaluru,Uttar Pradesh,2024-02-10 09:50:35
BRAND20972,BrandStore_972,Bengaluru,Maharashtra,2023-09-04 23:06:55
BRAND20973,BrandStore_973,Delhi,Uttar Pradesh,2024-12-18 08:21:51
BRAND20974,BrandStore_974,Mumbai,Maharashtra,2023-12-15 06:59:13
BRAND20975,BrandStore_975,Nagpur,Maharashtra,2024-02-18 03:29:25
BRAND20976,BrandStore_976,Lucknow,Maharashtra,2025-09-06 12:05:13
BRAND20977,BrandStore_977,Nagpur,Delhi,2024-06-26 09:40:47
BRAND20978,BrandStore_978,Nagpur,Gujarat,2023-12-29 16:24:36
BRAND20979,BrandStore_979,Pune,Gujarat,2025-08-30 22:50:07
BRAND20980,BrandStore_980,Nagpur,Uttar Pradesh,2024-02-27 17:37:25
BRAND20981,BrandStore_981,Surat,West Bengal,2025-02-06 08:32:25
BRAND20982,BrandStore_982,Nagpur,Karnataka,2023-08-19 18:47:14
BRAND20983,BrandStore_983,Pune,Delhi,2025-11-01 01:22:06
BRAND20984,BrandStore_984,Hyderabad,Delhi,2023-11-06 07:40:51
BRAND20985,BrandStore_985,Jaipur,Gujarat,2024-06-24 19:43:49
BRAND20986,BrandStore_986,Nagpur,Telangana,2023-08-02 08:36:33
BRAND20987,BrandStore_987,Hyderabad,West Bengal,2025-05-20 02:19:22
BRAND20988,BrandStore_988,Pune,Telangana,2024-10-01 05:02:19
BRAND20989,BrandStore_989,Hyderabad,Maharashtra,2024-03-28 00:38:28
BRAND20990,BrandStore_990,Jaipur,Karnataka,2025-04-24 13:40:41
BRAND20991,BrandStore_991,Pune,Maharashtra,2024-10-23 22:54:50
BRAND20992,BrandStore_992,Nagpur,Maharashtra,2023-07-22 18:19:29
BRAND20993,BrandStore_993,Ahmedabad,Gujarat,2023-09-09 19:49:43
BRAND20994,BrandStore_994,Jaipur,Gujarat,2024-12-23 10:05:02
BRAND20995,BrandStore_995,Ahmedabad,Maharashtra,2023-04-13 07:43:47
BRAND20996,BrandStore_996,Kolkata,Maharashtra,2024-11-03 11:34:26
BRAND20997,BrandStore_997,Lucknow,Gujarat,2025-04-05 08:37:10
BRAND20998,BrandStore_998,Ahmedabad,Karnataka,2025-10-30 02:30:42
BRAND20999,BrandStore_999,Hyderabad,Maharashtra,2023-02-08 02:50:34
BRAND21000,BrandStore_1000,Ahmedabad,Karnataka,2023-04-25 14:11:43
