supplier_id,supplier_name,contact_email,city,state,created_at
SUPP80001,Supplier_1,supplier1@example.com,Pune,Maharashtra,2023-08-11 16:39:24
SUPP80002,Supplier_2,supplier2@example.com,Surat,Karnataka,2023-02-01 04:31:52
SUPP80003,Supplier_3,supplier3@example.com,Delhi,Tamil Nadu,2025-12-19 15:27:26
SUPP80004,Supplier_4,supplier4@example.com,Kolkata,Maharashtra,2025-03-25 06:24:34
SUPP80005,Supplier_5,supplier5@example.com,Chennai,West Bengal,2024-02-04 17:19:53
SUPP80006,Supplier_6,supplier6@example.com,Ahmedabad,Telangana,2023-09-16 13:22:33
SUPP80007,Supplier_7,supplier7@example.com,Hyderabad,Rajasthan,2024-01-07 20:00:45
SUPP80008,Supplier_8,supplier8@example.com,Nagpur,Maharashtra,2023-01-25 18:14:32
SUPP80009,Supplier_9,supplier9@example.com,Delhi,Telangana,2023-01-20 06:24:53
SUPP80010,Supplier_10,supplier10@example.com,Lucknow,Rajasthan,2024-04-13 17:53:52
SUPP80011,Supplier_11,supplier11@example.com,Pune,Rajasthan,2025-07-02 04:50:27
SUPP80012,Supplier_12,supplier12@example.com,Chennai,Maharashtra,2023-01-11 16:58:43
SUPP80013,Supplier_13,supplier13@example.com,Lucknow,Maharashtra,2024-06-16 17:34:25
SUPP80014,Supplier_14,supplier14@example.com,Surat,Gujarat,2024-06-05 10:04:31
SUPP80015,Supplier_15,supplier15@example.com,Chennai,Tamil Nadu,2024-09-28 09:38:20
SUPP80016,Supplier_16,supplier16@example.com,Hyderabad,Delhi,2024-08-29 12:40:59
SUPP80017,Supplier_17,supplier17@example.com,Bengaluru,Gujarat,2024-05-24 16:19:55
SUPP80018,Supplier_18,supplier18@example.com,Lucknow,Maharashtra,2023-08-25 11:43:03
SUPP80019,Supplier_19,supplier19@example.com,Ahmedabad,Rajasthan,2025-01-09 13:49:02
SUPP80020,Supplier_20,supplier20@example.com,Nagpur,Tamil Nadu,2023-06-12 13:47:18
SUPP80021,Supplier_21,supplier21@example.com,Mumbai,Maharashtra,2024-05-12 16:20:15
SUPP80022,Supplier_22,supplier22@example.com,Pune,Uttar Pradesh,2024-07-08 18:18:08
SUPP80023,Supplier_23,supplier23@example.com,Kolkata,Gujarat,2023-06-20 14:50:39
SUPP80024,Supplier_24,supplier24@example.com,Lucknow,Rajasthan,2025-02-18 22:46:13
SUPP80025,Supplier_25,supplier25@example.com,Mumbai,Karnataka,2023-02-07 04:22:55
SUPP80026,Supplier_26,supplier26@example.com,Kolkata,Gujarat,2024-05-20 23:57:10
SUPP80027,Supplier_27,supplier27@example.com,Bengaluru,Maharashtra,2024-11-12 02:00:09
SUPP80028,Supplier_28,supplier28@example.com,Delhi,Maharashtra,2025-03-19 12:43:37
SUPP80029,Supplier_29,supplier29@example.com,Nagpur,Gujarat,2024-12-28 05:38:37
SUPP80030,Supplier_30,supplier30@example.com,Nagpur,Rajasthan,2023-06-30 14:22:27
SUPP80031,Supplier_31,supplier31@example.com,Pune,Maharashtra,2024-06-13 19:27:18
SUPP80032,Supplier_32,supplier32@example.com,Chennai,Uttar Pradesh,2024-06-04 13:19:36
SUPP80033,Supplier_33,supplier33@example.com,Jaipur,Gujarat,2025-06-11 12:12:32
SUPP80034,Supplier_34,supplier34@example.com,Surat,Gujarat,2024-09-20 11:30:04
SUPP80035,Supplier_35,supplier35@example.com,Chennai,Karnataka,2025-03-08 05:03:16
SUPP80036,Supplier_36,supplier36@example.com,Ahmedabad,Karnataka,2025-01-01 17:32:28
SUPP80037,Supplier_37,supplier37@example.com,Lucknow,Gujarat,2025-03-08 16:49:50
SUPP80038,Supplier_38,supplier38@example.com,Mumbai,Telangana,2023-07-14 18:23:42
SUPP80039,Supplier_39,supplier39@example.com,Kolkata,Delhi,2025-10-09 19:58:24
SUPP80040,Supplier_40,supplier40@example.com,Lucknow,West Bengal,2024-12-21 12:55:54
SUPP80041,Supplier_41,supplier41@example.com,Jaipur,Maharashtra,2024-03-19 09:36:30
SUPP80042,Supplier_42,supplier42@example.com,Bengaluru,Maharashtra,2024-12-07 19:45:36
SUPP80043,Supplier_43,supplier43@example.com,Surat,West Bengal,2025-07-31 17:39:04
SUPP80044,Supplier_44,supplier44@example.com,Nagpur,Maharashtra,2024-11-12 11:21:25
SUPP80045,Supplier_45,supplier45@example.com,Nagpur,Maharashtra,2025-04-16 06:08:20
SUPP80046,Supplier_46,supplier46@example.com,Lucknow,Maharashtra,2023-02-07 18:25:40
SUPP80047,Supplier_47,supplier47@example.com,Chennai,Karnataka,2024-06-21 15:42:27
SUPP80048,Supplier_48,supplier48@example.com,Surat,West Bengal,2025-03-20 20:58:13
SUPP80049,Supplier_49,supplier49@example.com,Jaipur,Gujarat,2024-07-18 21:50:22
SUPP80050,Supplier_50,supplier50@example.com,Lucknow,Gujarat,2023-06-28 10:22:42
SUPP80051,Supplier_51,supplier51@example.com,Pune,Rajasthan,2023-01-10 12:21:58
SUPP80052,Supplier_52,supplier52@example.com,Delhi,Delhi,2024-08-09 12:29:56
SUPP80053,Supplier_53,supplier53@example.com,Bengaluru,Delhi,2025-05-19 14:47:28
SUPP80054,Supplier_54,supplier54@example.com,Hyderabad,Rajasthan,2025-04-12 22:56:31
SUPP80055,Supplier_55,supplier55@example.com,Jaipur,Delhi,2024-11-15 05:21:55
SUPP80056,Supplier_56,supplier56@example.com,Surat,Maharashtra,2023-04-12 03:15:09
SUPP80057,Supplier_57,supplier57@example.com,Bengaluru,Rajasthan,2025-11-18 17:27:23
SUPP80058,Supplier_58,supplier58@example.com,Pune,Telangana,2025-11-29 02:12:38
SUPP80059,Supplier_59,supplier59@example.com,Bengaluru,Gujarat,2025-02-02 19:57:24
SUPP80060,Supplier_60,supplier60@example.com,Lucknow,Maharashtra,2024-03-09 19:35:09
SUPP80061,Supplier_61,supplier61@example.com,Lucknow,Telangana,2025-01-28 01:57:23
SUPP80062,Supplier_62,supplier62@example.com,Lucknow,Maharashtra,2023-03-13 08:31:54
SUPP80063,Supplier_63,supplier63@example.com,Delhi,Gujarat,2025-05-23 07:56:15
SUPP80064,Supplier_64,supplier64@example.com,Nagpur,Delhi,2025-05-24 23:09:12
SUPP80065,Supplier_65,supplier65@example.com,Lucknow,Tamil Nadu,2025-03-13 06:53:15
SUPP80066,Supplier_66,supplier66@example.com,Mumbai,Maharashtra,2025-06-21 14:52:49
SUPP80067,Supplier_67,supplier67@example.com,Ahmedabad,Uttar Pradesh,2024-05-04 16:52:25
SUPP80068,Supplier_68,supplier68@example.com,Bengaluru,West Bengal,2024-04-12 18:17:44
SUPP80069,Supplier_69,supplier69@example.com,Bengaluru,Delhi,2024-04-15 16:32:18
SUPP80070,Supplier_70,supplier70@example.com,Pune,Karnataka,2023-02-21 00:11:31
SUPP80071,Supplier_71,supplier71@example.com,Bengaluru,Gujarat,2024-10-19 02:44:34
SUPP80072,Supplier_72,supplier72@example.com,Delhi,Telangana,2025-04-29 23:23:44
SUPP80073,Supplier_73,supplier73@example.com,Ahmedabad,Maharashtra,2024-07-07 00:11:44
SUPP80074,Supplier_74,supplier74@example.com,Bengaluru,Rajasthan,2023-08-12 20:35:49
SUPP80075,Supplier_75,supplier75@example.com,Lucknow,Karnataka,2023-12-05 09:31:45
SUPP80076,Supplier_76,supplier76@example.com,Bengaluru,Maharashtra,2025-05-03 00:24:32
SUPP80077,Supplier_77,supplier77@example.com,Chennai,Uttar Pradesh,2023-04-18 14:25:50
SUPP80078,Supplier_78,supplier78@example.com,Chennai,Maharashtra,2023-01-21 21:56:41
SUPP80079,Supplier_79,supplier79@example.com,Nagpur,Tamil Nadu,2023-02-07 02:49:38
SUPP80080,Supplier_80,supplier80@example.com,Kolkata,Uttar Pradesh,2023-05-12 16:03:33
SUPP80081,Supplier_81,supplier81@example.com,Jaipur,Maharashtra,2025-10-29 02:03:42
SUPP80082,Supplier_82,supplier82@example.com,Kolkata,Maharashtra,2024-03-20 12:02:40
SUPP80083,Supplier_83,supplier83@example.com,Kolkata,Rajasthan,2024-04-08 16:06:14
SUPP80084,Supplier_84,supplier84@example.com,Bengaluru,Tamil Nadu,2024-07-10 03:40:54
SUPP80085,Supplier_85,supplier85@example.com,Nagpur,Tamil Nadu,2025-03-27 01:57:59
SUPP80086,Supplier_86,supplier86@example.com,Delhi,Maharashtra,2023-01-07 07:58:02
SUPP80087,Supplier_87,supplier87@example.com,Surat,Delhi,2025-05-03 14:38:18
SUPP80088,Supplier_88,supplier88@example.com,Ahmedabad,Maharashtra,2025-07-24 23:54:10
SUPP80089,Supplier_89,supplier89@example.com,Lucknow,Telangana,2024-03-27 10:35:34
SUPP80090,Supplier_90,supplier90@example.com,Bengaluru,Uttar Pradesh,2023-08-28 06:30:48
SUPP80091,Supplier_91,supplier91@example.com,Chennai,Uttar Pradesh,2025-06-17 21:45:43
SUPP80092,Supplier_92,supplier92@example.com,Chennai,Tamil Nadu,2025-12-14 13:36:52
SUPP80093,Supplier_93,supplier93@example.com,Lucknow,Karnataka,2023-12-13 18:19:11
SUPP80094,Supplier_94,supplier94@example.com,Ahmedabad,Maharashtra,2023-12-10 00:49:38
SUPP80095,Supplier_95,supplier95@example.com,Bengaluru,West Bengal,2025-04-08 11:50:58
SUPP80096,Supplier_96,supplier96@example.com,Chennai,Gujarat,2023-12-20 21:26:42
SUPP80097,Supplier_97,supplier97@example.com,Nagpur,Gujarat,2023-07-23 08:04:05
SUPP80098,Supplier_98,supplier98@example.com,Ahmedabad,Telangana,2023-04-06 21:58:55
SUPP80099,Supplier_99,supplier99@example.com,Chennai,Tamil Nadu,2023-03-16 06:57:41
SUPP80100,Supplier_100,supplier100@example.com,Jaipur,Telangana,2025-04-10 20:34:38
SUPP80101,Supplier_101,supplier101@example.com,Mumbai,Uttar Pradesh,2023-04-12 05:25:23
SUPP80102,Supplier_102,supplier102@example.com,Hyderabad,West Bengal,2025-11-11 19:35:02
SUPP80103,Supplier_103,supplier103@example.com,Surat,Uttar Pradesh,2025-03-23 21:03:27
SUPP80104,Supplier_104,supplier104@example.com,Hyderabad,Maharashtra,2023-11-21 16:18:04
SUPP80105,Supplier_105,supplier105@example.com,Ahmedabad,Uttar Pradesh,2025-05-29 07:04:30
SUPP80106,Supplier_106,supplier106@example.com,Hyderabad,Maharashtra,2024-03-20 13:12:59
SUPP80107,Supplier_107,supplier107@example.com,Pune,West Bengal,2024-08-16 12:28:55
SUPP80108,Supplier_108,supplier108@example.com,Delhi,West Bengal,2023-11-25 11:09:10
SUPP80109,Supplier_109,supplier109@example.com,Pune,Delhi,2025-02-22 02:08:51
SUPP80110,Supplier_110,supplier110@example.com,Hyderabad,Maharashtra,2025-11-21 11:27:42
SUPP80111,Supplier_111,supplier111@example.com,Bengaluru,Rajasthan,2023-02-09 11:11:32
SUPP80112,Supplier_112,supplier112@example.com,Kolkata,Delhi,2024-08-26 03:04:12
SUPP80113,Supplier_113,supplier113@example.com,Hyderabad,West Bengal,2025-10-15 14:05:47
SUPP80114,Supplier_114,supplier114@example.com,Pune,Gujarat,2023-03-17 18:35:27
SUPP80115,Supplier_115,supplier115@example.com,Hyderabad,Karnataka,2025-02-28 10:04:57
SUPP80116,Supplier_116,supplier116@example.com,Delhi,Delhi,2023-04-03 18:03:28
SUPP80117,Supplier_117,supplier117@example.com,Surat,Karnataka,2023-10-02 23:59:20
SUPP80118,Supplier_118,supplier118@example.com,Surat,Uttar Pradesh,2024-07-14 17:24:30
SUPP80119,Supplier_119,supplier119@example.com,Jaipur,West Bengal,2024-08-05 11:03:18
SUPP80120,Supplier_120,supplier120@example.com,Lucknow,Maharashtra,2024-10-07 07:27:19
SUPP80121,Supplier_121,supplier121@example.com,Pune,Maharashtra,2025-07-05 17:04:53
SUPP80122,Supplier_122,supplier122@example.com,Mumbai,West Bengal,2024-07-30 20:48:43
SUPP80123,Supplier_123,supplier123@example.com,Hyderabad,Rajasthan,2024-10-12 07:12:46
SUPP80124,Supplier_124,supplier124@example.com,Lucknow,Karnataka,2023-05-11 20:17:41
SUPP80125,Supplier_125,supplier125@example.com,Jaipur,Tamil Nadu,2023-07-29 13:07:39
SUPP80126,Supplier_126,supplier126@example.com,Chennai,West Bengal,2024-12-26 17:41:08
SUPP80127,Supplier_127,supplier127@example.com,Mumbai,Maharashtra,2023-06-02 19:03:19
SUPP80128,Supplier_128,supplier128@example.com,Ahmedabad,West Bengal,2024-02-27 21:48:11
SUPP80129,Supplier_129,supplier129@example.com,Bengaluru,Maharashtra,2025-08-05 09:34:47
SUPP80130,Supplier_130,supplier130@example.com,Chennai,Maharashtra,2024-04-16 19:30:39
SUPP80131,Supplier_131,supplier131@example.com,Kolkata,Rajasthan,2023-09-17 05:04:25
SUPP80132,Supplier_132,supplier132@example.com,Chennai,Delhi,2024-02-02 12:43:51
SUPP80133,Supplier_133,supplier133@example.com,Hyderabad,Maharashtra,2024-04-20 00:29:14
SUPP80134,Supplier_134,supplier134@example.com,Surat,Telangana,2023-07-21 05:44:14
SUPP80135,Supplier_135,supplier135@example.com,Chennai,Maharashtra,2023-04-19 16:15:53
SUPP80136,Supplier_136,supplier136@example.com,Kolkata,Gujarat,2024-09-15 18:58:23
SUPP80137,Supplier_137,supplier137@example.com,Pune,Maharashtra,2025-10-22 19:15:28
SUPP80138,Supplier_138,supplier138@example.com,Pune,Telangana,2023-06-02 14:34:04
SUPP80139,Supplier_139,supplier139@example.com,Surat,Gujarat,2023-12-22 04:24:22
SUPP80140,Supplier_140,supplier140@example.com,Pune,Delhi,2023-02-08 16:50:54
SUPP80141,Supplier_141,supplier141@example.com,Surat,Uttar Pradesh,2025-12-30 15:02:14
SUPP80142,Supplier_142,supplier142@example.com,Ahmedabad,Delhi,2025-03-23 02:54:34
SUPP80143,Supplier_143,supplier143@example.com,Surat,Uttar Pradesh,2024-12-20 07:31:26
SUPP80144,Supplier_144,supplier144@example.com,Mumbai,Gujarat,2023-06-24 09:37:02
SUPP80145,Supplier_145,supplier145@example.com,Kolkata,Delhi,2023-10-08 23:51:59
SUPP80146,Supplier_146,supplier146@example.com,Lucknow,Rajasthan,2023-01-10 11:21:24
SUPP80147,Supplier_147,supplier147@example.com,Ahmedabad,Karnataka,2024-08-22 21:50:33
SUPP80148,Supplier_148,supplier148@example.com,Hyderabad,Maharashtra,2025-08-23 08:57:11
SUPP80149,Supplier_149,supplier149@example.com,Pune,Maharashtra,2024-10-17 11:30:32
SUPP80150,Supplier_150,supplier150@example.com,Jaipur,Rajasthan,2024-01-09 16:43:02
SUPP80151,Supplier_151,supplier151@example.com,Pune,Gujarat,2025-10-09 02:30:02
SUPP80152,Supplier_152,supplier152@example.com,Lucknow,Maharashtra,2024-03-25 07:03:24
SUPP80153,Supplier_153,supplier153@example.com,Hyderabad,Karnataka,2025-09-04 19:35:32
SUPP80154,Supplier_154,supplier154@example.com,Lucknow,Maharashtra,2023-07-22 04:39:17
SUPP80155,Supplier_155,supplier155@example.com,Pune,Telangana,2025-07-07 08:16:56
SUPP80156,Supplier_156,supplier156@example.com,Delhi,Maharashtra,2023-06-26 10:18:16
SUPP80157,Supplier_157,supplier157@example.com,Delhi,Maharashtra,2024-04-08 23:50:45
SUPP80158,Supplier_158,supplier158@example.com,Kolkata,Gujarat,2024-11-04 16:02:16
SUPP80159,Supplier_159,supplier159@example.com,Surat,Tamil Nadu,2023-12-26 21:36:26
SUPP80160,Supplier_160,supplier160@example.com,Surat,Maharashtra,2025-05-29 00:50:56
SUPP80161,Supplier_161,supplier161@example.com,Surat,Rajasthan,2024-11-15 21:36:12
SUPP80162,Supplier_162,supplier162@example.com,Delhi,Telangana,2024-01-02 09:04:20
SUPP80163,Supplier_163,supplier163@example.com,Ahmedabad,Maharashtra,2025-10-13 13:38:07
SUPP80164,Supplier_164,supplier164@example.com,Ahmedabad,Uttar Pradesh,2025-07-20 13:12:30
SUPP80165,Supplier_165,supplier165@example.com,Pune,Rajasthan,2025-04-23 01:17:35
SUPP80166,Supplier_166,supplier166@example.com,Nagpur,Gujarat,2023-09-09 10:33:55
SUPP80167,Supplier_167,supplier167@example.com,Ahmedabad,Maharashtra,2023-02-12 09:18:38
SUPP80168,Supplier_168,supplier168@example.com,Bengaluru,Telangana,2025-09-10 22:30:00
SUPP80169,Supplier_169,supplier169@example.com,Mumbai,Uttar Pradesh,2023-03-03 09:14:14
SUPP80170,Supplier_170,supplier170@example.com,Jaipur,Gujarat,2023-11-30 19:58:32
SUPP80171,Supplier_171,supplier171@example.com,Bengaluru,Karnataka,2025-01-22 22:04:54
SUPP80172,Supplier_172,supplier172@example.com,Hyderabad,Delhi,2025-03-01 01:58:38
SUPP80173,Supplier_173,supplier173@example.com,Mumbai,West Bengal,2023-04-24 13:27:24
SUPP80174,Supplier_174,supplier174@example.com,Lucknow,Tamil Nadu,2024-02-07 03:30:53
SUPP80175,Supplier_175,supplier175@example.com,Ahmedabad,Gujarat,2023-03-07 06:15:44
SUPP80176,Supplier_176,supplier176@example.com,Ahmedabad,Tamil Nadu,2024-12-03 17:50:40
SUPP80177,Supplier_177,supplier177@example.com,Surat,Uttar Pradesh,2023-03-07 22:21:10
SUPP80178,Supplier_178,supplier178@example.com,Kolkata,Uttar Pradesh,2024-08-31 05:35:24
SUPP80179,Supplier_179,supplier179@example.com,Delhi,Gujarat,2024-04-14 18:18:31
SUPP80180,Supplier_180,supplier180@example.com,Bengaluru,Maharashtra,2023-02-27 05:39:56
SUPP80181,Supplier_181,supplier181@example.com,Kolkata,Maharashtra,2025-08-03 19:46:04
SUPP80182,Supplier_182,supplier182@example.com,Kolkata,Delhi,2024-03-26 13:16:09
SUPP80183,Supplier_183,supplier183@example.com,Lucknow,Tamil Nadu,2025-05-05 21:52:53
SUPP80184,Supplier_184,supplier184@example.com,Mumbai,Uttar Pradesh,2025-02-05 20:11:13
SUPP80185,Supplier_185,supplier185@example.com,Chennai,Maharashtra,2024-03-12 00:41:41
SUPP80186,Supplier_186,supplier186@example.com,Pune,Delhi,2025-02-22 13:35:40
SUPP80187,Supplier_187,supplier187@example.com,Hyderabad,Tamil Nadu,2025-02-15 09:31:41
SUPP80188,Supplier_188,supplier188@example.com,Ahmedabad,Tamil Nadu,2023-06-06 20:29:22
SUPP80189,Supplier_189,supplier189@example.com,Pune,Uttar Pradesh,2025-01-19 21:28:46
SUPP80190,Supplier_190,supplier190@example.com,Mumbai,Uttar Pradesh,2024-02-03 20:51:29
SUPP80191,Supplier_191,supplier191@example.com,Nagpur,Rajasthan,2023-09-14 10:40:16
SUPP80192,Supplier_192,supplier192@example.com,Bengaluru,Karnataka,2024-02-06 16:57:21
SUPP80193,Supplier_193,supplier193@example.com,Mumbai,Delhi,2025-09-12 14:25:23
SUPP80194,Supplier_194,supplier194@example.com,Kolkata,Gujarat,2024-02-05 03:07:21
SUPP80195,Supplier_195,supplier195@example.com,Mumbai,Gujarat,2023-07-15 00:51:04
SUPP80196,Supplier_196,supplier196@example.com,Kolkata,Rajasthan,2023-11-18 22:25:28
SUPP80197,Supplier_197,supplier197@example.com,Hyderabad,Maharashtra,2025-01-20 19:53:20
SUPP80198,Supplier_198,supplier198@example.com,Jaipur,Gujarat,2025-06-15 01:34:59
SUPP80199,Supplier_199,supplier199@example.com,Surat,Uttar Pradesh,2025-01-24 12:09:31
SUPP80200,Supplier_200,supplier200@example.com,Bengaluru,Maharashtra,2025-09-07 22:59:47
SUPP80201,Supplier_201,supplier201@example.com,Chennai,Maharashtra,2024-06-03 10:19:47
SUPP80202,Supplier_202,supplier202@example.com,Mumbai,West Bengal,2024-11-02 11:32:19
SUPP80203,Supplier_203,supplier203@example.com,Jaipur,Maharashtra,2025-02-02 21:56:53
SUPP80204,Supplier_204,supplier204@example.com,Nagpur,Gujarat,2024-06-27 02:15:00
SUPP80205,Supplier_205,supplier205@example.com,Mumbai,Karnataka,2024-06-20 20:06:32
SUPP80206,Supplier_206,supplier206@example.com,Surat,Uttar Pradesh,2023-11-24 11:03:22
SUPP80207,Supplier_207,supplier207@example.com,Mumbai,Karnataka,2025-08-09 20:07:45
SUPP80208,Supplier_208,supplier208@example.com,Surat,West Bengal,2023-05-13 00:37:50
SUPP80209,Supplier_209,supplier209@example.com,Bengaluru,Maharashtra,2024-05-04 11:07:24
SUPP80210,Supplier_210,supplier210@example.com,Chennai,Uttar Pradesh,2023-03-09 01:39:38
SUPP80211,Supplier_211,supplier211@example.com,Kolkata,Tamil Nadu,2023-01-21 03:34:29
SUPP80212,Supplier_212,supplier212@example.com,Ahmedabad,Gujarat,2025-08-08 11:53:41
SUPP80213,Supplier_213,supplier213@example.com,Delhi,Uttar Pradesh,2025-11-18 04:29:18
SUPP80214,Supplier_214,supplier214@example.com,Mumbai,Maharashtra,2024-10-03 13:21:38
SUPP80215,Supplier_215,supplier215@example.com,Lucknow,Karnataka,2023-02-21 21:26:04
SUPP80216,Supplier_216,supplier216@example.com,Kolkata,Rajasthan,2025-07-27 11:10:53
SUPP80217,Supplier_217,supplier217@example.com,Mumbai,Gujarat,2025-02-23 21:27:49
SUPP80218,Supplier_218,supplier218@example.com,Jaipur,Gujarat,2024-11-20 07:21:06
SUPP80219,Supplier_219,supplier219@example.com,Lucknow,Gujarat,2025-03-28 05:27:35
SUPP80220,Supplier_220,supplier220@example.com,Jaipur,Tamil Nadu,2024-04-21 14:23:16
SUPP80221,Supplier_221,supplier221@example.com,Chennai,Uttar Pradesh,2024-09-17 17:06:42
SUPP80222,Supplier_222,supplier222@example.com,Mumbai,Maharashtra,2025-08-11 05:54:11
SUPP80223,Supplier_223,supplier223@example.com,Delhi,Tamil Nadu,2025-07-15 02:27:06
SUPP80224,Supplier_224,supplier224@example.com,Hyderabad,Tamil Nadu,2023-07-29 05:54:06
SUPP80225,Supplier_225,supplier225@example.com,Kolkata,Tamil Nadu,2025-01-04 07:12:27
SUPP80226,Supplier_226,supplier226@example.com,Mumbai,Maharashtra,2023-09-30 14:53:44
SUPP80227,Supplier_227,supplier227@example.com,Lucknow,Maharashtra,2024-04-19 16:11:59
SUPP80228,Supplier_228,supplier228@example.com,Chennai,Rajasthan,2024-02-02 13:12:25
SUPP80229,Supplier_229,supplier229@example.com,Bengaluru,Karnataka,2023-01-10 14:05:39
SUPP80230,Supplier_230,supplier230@example.com,Hyderabad,Maharashtra,2024-05-03 10:43:51
SUPP80231,Supplier_231,supplier231@example.com,Jaipur,Karnataka,2025-10-18 19:52:51
SUPP80232,Supplier_232,supplier232@example.com,Lucknow,Karnataka,2024-02-09 07:24:35
SUPP80233,Supplier_233,supplier233@example.com,Delhi,Gujarat,2023-06-22 21:51:26
SUPP80234,Supplier_234,supplier234@example.com,Lucknow,Telangana,2025-09-11 12:02:17
SUPP80235,Supplier_235,supplier235@example.com,Nagpur,Maharashtra,2024-10-02 18:47:03
SUPP80236,Supplier_236,supplier236@example.com,Pune,Tamil Nadu,2024-07-13 01:25:54
SUPP80237,Supplier_237,supplier237@example.com,Delhi,Karnataka,2023-12-25 15:25:22
SUPP80238,Supplier_238,supplier238@example.com,Lucknow,Delhi,2024-11-25 00:42:20
SUPP80239,Supplier_239,supplier239@example.com,Kolkata,Maharashtra,2024-05-21 14:49:03
SUPP80240,Supplier_240,supplier240@example.com,Bengaluru,Delhi,2025-04-06 18:38:16
SUPP80241,Supplier_241,supplier241@example.com,Bengaluru,Maharashtra,2024-05-15 08:17:58
SUPP80242,Supplier_242,supplier242@example.com,Kolkata,Gujarat,2023-06-24 22:43:57
SUPP80243,Supplier_243,supplier243@example.com,Mumbai,West Bengal,2023-09-02 18:39:36
SUPP80244,Supplier_244,supplier244@example.com,Nagpur,Karnataka,2024-04-10 10:51:41
SUPP80245,Supplier_245,supplier245@example.com,Hyderabad,Maharashtra,2024-02-12 03:49:10
SUPP80246,Supplier_246,supplier246@example.com,Lucknow,West Bengal,2023-03-30 04:02:37
SUPP80247,Supplier_247,supplier247@example.com,Chennai,Maharashtra,2023-11-23 20:46:49
SUPP80248,Supplier_248,supplier248@example.com,Jaipur,Tamil Nadu,2023-02-25 12:20:06
SUPP80249,Supplier_249,supplier249@example.com,Jaipur,Gujarat,2023-09-12 06:28:34
SUPP80250,Supplier_250,supplier250@example.com,Chennai,Gujarat,2025-03-18 05:53:42
SUPP80251,Supplier_251,supplier251@example.com,Pune,Telangana,2025-07-17 08:15:30
SUPP80252,Supplier_252,supplier252@example.com,Hyderabad,Maharashtra,2025-12-14 12:47:56
SUPP80253,Supplier_253,supplier253@example.com,Hyderabad,Telangana,2024-11-15 17:10:12
SUPP80254,Supplier_254,supplier254@example.com,Pune,Uttar Pradesh,2024-06-12 22:29:04
SUPP80255,Supplier_255,supplier255@example.com,Lucknow,Uttar Pradesh,2025-10-05 23:54:17
SUPP80256,Supplier_256,supplier256@example.com,Surat,Karnataka,2023-11-11 16:34:00
SUPP80257,Supplier_257,supplier257@example.com,Surat,Gujarat,2023-03-21 19:05:46
SUPP80258,Supplier_258,supplier258@example.com,Ahmedabad,Uttar Pradesh,2024-05-13 22:18:38
SUPP80259,Supplier_259,supplier259@example.com,Jaipur,West Bengal,2024-03-16 20:00:09
SUPP80260,Supplier_260,supplier260@example.com,Pune,Gujarat,2025-07-16 04:54:14
SUPP80261,Supplier_261,supplier261@example.com,Kolkata,Gujarat,2025-01-03 03:00:01
SUPP80262,Supplier_262,supplier262@example.com,Chennai,Maharashtra,2023-05-09 20:38:01
SUPP80263,Supplier_263,supplier263@example.com,Ahmedabad,Karnataka,2025-12-15 16:22:59
SUPP80264,Supplier_264,supplier264@example.com,Chennai,Tamil Nadu,2024-11-13 00:07:11
SUPP80265,Supplier_265,supplier265@example.com,Kolkata,Rajasthan,2023-01-20 13:55:56
SUPP80266,Supplier_266,supplier266@example.com,Chennai,Gujarat,2024-11-02 17:05:16
SUPP80267,Supplier_267,supplier267@example.com,Kolkata,Maharashtra,2023-03-02 23:56:05
SUPP80268,Supplier_268,supplier268@example.com,Pune,Gujarat,2025-11-09 23:35:38
SUPP80269,Supplier_269,supplier269@example.com,Surat,Delhi,2024-05-03 17:18:59
SUPP80270,Supplier_270,supplier270@example.com,Lucknow,Gujarat,2023-05-29 13:17:21
SUPP80271,Supplier_271,supplier271@example.com,Chennai,Rajasthan,2025-10-15 14:19:24
SUPP80272,Supplier_272,supplier272@example.com,Kolkata,Karnataka,2025-12-05 04:14:16
SUPP80273,Supplier_273,supplier273@example.com,Chennai,Telangana,2025-05-19 22:28:03
SUPP80274,Supplier_274,supplier274@example.com,Kolkata,Uttar Pradesh,2025-05-27 12:42:07
SUPP80275,Supplier_275,supplier275@example.com,Nagpur,Gujarat,2023-03-06 19:30:15
SUPP80276,Supplier_276,supplier276@example.com,Nagpur,Tamil Nadu,2025-05-02 06:07:25
SUPP80277,Supplier_277,supplier277@example.com,Surat,Telangana,2024-07-16 20:09:37
SUPP80278,Supplier_278,supplier278@example.com,Mumbai,Uttar Pradesh,2025-03-21 03:22:22
SUPP80279,Supplier_279,supplier279@example.com,Bengaluru,Telangana,2023-09-29 06:56:54
SUPP80280,Supplier_280,supplier280@example.com,Surat,Tamil Nadu,2023-10-04 11:13:23
SUPP80281,Supplier_281,supplier281@example.com,Lucknow,Gujarat,2023-10-09 13:35:25
SUPP80282,Supplier_282,supplier282@example.com,Pune,Karnataka,2025-02-21 02:38:49
SUPP80283,Supplier_283,supplier283@example.com,Surat,Maharashtra,2025-04-17 17:08:24
SUPP80284,Supplier_284,supplier284@example.com,Lucknow,West Bengal,2023-06-09 07:52:04
SUPP80285,Supplier_285,supplier285@example.com,Chennai,Maharashtra,2025-11-27 13:28:08
SUPP80286,Supplier_286,supplier286@example.com,Hyderabad,Telangana,2025-07-21 16:10:57
SUPP80287,Supplier_287,supplier287@example.com,Kolkata,Tamil Nadu,2024-12-11 09:23:22
SUPP80288,Supplier_288,supplier288@example.com,Delhi,Delhi,2024-01-11 08:48:05
SUPP80289,Supplier_289,supplier289@example.com,Kolkata,Uttar Pradesh,2024-01-24 21:10:50
SUPP80290,Supplier_290,supplier290@example.com,Nagpur,Gujarat,2025-07-06 02:32:55
SUPP80291,Supplier_291,supplier291@example.com,Chennai,Tamil Nadu,2024-05-02 07:50:15
SUPP80292,Supplier_292,supplier292@example.com,Nagpur,Delhi,2025-05-10 08:54:40
SUPP80293,Supplier_293,supplier293@example.com,Kolkata,Karnataka,2023-09-04 14:35:38
SUPP80294,Supplier_294,supplier294@example.com,Hyderabad,Rajasthan,2024-05-26 06:25:05
SUPP80295,Supplier_295,supplier295@example.com,Mumbai,Maharashtra,2024-08-28 07:03:52
SUPP80296,Supplier_296,supplier296@example.com,Kolkata,Gujarat,2024-04-26 00:17:10
SUPP80297,Supplier_297,supplier297@example.com,Hyderabad,Rajasthan,2025-12-07 23:48:16
SUPP80298,Supplier_298,supplier298@example.com,Bengaluru,Rajasthan,2025-05-28 03:53:42
SUPP80299,Supplier_299,supplier299@example.com,Pune,West Bengal,2024-08-23 03:21:13
SUPP80300,Supplier_300,supplier300@example.com,Pune,Gujarat,2024-04-04 04:14:49
SUPP80301,Supplier_301,supplier301@example.com,Jaipur,Karnataka,2024-01-14 03:01:52
SUPP80302,Supplier_302,supplier302@example.com,Ahmedabad,Uttar Pradesh,2023-10-05 18:16:53
SUPP80303,Supplier_303,supplier303@example.com,Lucknow,Maharashtra,2025-03-21 09:31:27
SUPP80304,Supplier_304,supplier304@example.com,Kolkata,Rajasthan,2023-01-02 07:42:08
SUPP80305,Supplier_305,supplier305@example.com,Mumbai,Karnataka,2023-12-15 16:47:28
SUPP80306,Supplier_306,supplier306@example.com,Lucknow,Maharashtra,2025-10-05 06:13:56
SUPP80307,Supplier_307,supplier307@example.com,Pune,Gujarat,2025-07-07 07:29:11
SUPP80308,Supplier_308,supplier308@example.com,Jaipur,West Bengal,2023-09-30 07:12:56
SUPP80309,Supplier_309,supplier309@example.com,Bengaluru,Maharashtra,2025-08-29 17:57:41
SUPP80310,Supplier_310,supplier310@example.com,Jaipur,Gujarat,2025-11-15 05:54:35
SUPP80311,Supplier_311,supplier311@example.com,Lucknow,Maharashtra,2025-06-28 18:33:56
SUPP80312,Supplier_312,supplier312@example.com,Jaipur,Tamil Nadu,2025-02-05 21:14:43
SUPP80313,Supplier_313,supplier313@example.com,Jaipur,West Bengal,2024-11-24 00:29:11
SUPP80314,Supplier_314,supplier314@example.com,Bengaluru,Uttar Pradesh,2025-07-14 01:59:17
SUPP80315,Supplier_315,supplier315@example.com,Jaipur,Maharashtra,2024-01-07 00:43:03
SUPP80316,Supplier_316,supplier316@example.com,Surat,Telangana,2024-02-24 18:31:12
SUPP80317,Supplier_317,supplier317@example.com,Mumbai,Uttar Pradesh,2024-05-26 20:00:14
SUPP80318,Supplier_318,supplier318@example.com,Hyderabad,Gujarat,2024-03-16 19:49:01
SUPP80319,Supplier_319,supplier319@example.com,Kolkata,Tamil Nadu,2025-01-30 17:00:26
SUPP80320,Supplier_320,supplier320@example.com,Kolkata,Karnataka,2025-08-29 22:37:35
SUPP80321,Supplier_321,supplier321@example.com,Nagpur,Maharashtra,2025-10-18 17:06:15
SUPP80322,Supplier_322,supplier322@example.com,Jaipur,Gujarat,2023-03-04 04:02:32
SUPP80323,Supplier_323,supplier323@example.com,Ahmedabad,Maharashtra,2023-04-26 17:09:01
SUPP80324,Supplier_324,supplier324@example.com,Bengaluru,Rajasthan,2023-08-29 11:20:37
SUPP80325,Supplier_325,supplier325@example.com,Surat,Maharashtra,2025-01-19 17:24:14
SUPP80326,Supplier_326,supplier326@example.com,Surat,Rajasthan,2024-09-12 08:24:25
SUPP80327,Supplier_327,supplier327@example.com,Bengaluru,Gujarat,2023-07-21 08:33:20
SUPP80328,Supplier_328,supplier328@example.com,Delhi,Rajasthan,2023-06-06 21:45:15
SUPP80329,Supplier_329,supplier329@example.com,Surat,Gujarat,2025-02-10 11:32:15
SUPP80330,Supplier_330,supplier330@example.com,Jaipur,Uttar Pradesh,2025-05-23 07:36:27
SUPP80331,Supplier_331,supplier331@example.com,Pune,Uttar Pradesh,2023-01-17 06:14:38
SUPP80332,Supplier_332,supplier332@example.com,Kolkata,Maharashtra,2023-11-22 08:03:32
SUPP80333,Supplier_333,supplier333@example.com,Delhi,Tamil Nadu,2023-09-08 06:48:18
SUPP80334,Supplier_334,supplier334@example.com,Jaipur,Karnataka,2023-10-02 12:34:52
SUPP80335,Supplier_335,supplier335@example.com,Bengaluru,Maharashtra,2023-01-13 02:26:22
SUPP80336,Supplier_336,supplier336@example.com,Mumbai,Telangana,2025-11-21 08:08:38
SUPP80337,Supplier_337,supplier337@example.com,Ahmedabad,Tamil Nadu,2025-03-29 18:11:41
SUPP80338,Supplier_338,supplier338@example.com,Bengaluru,Maharashtra,2024-06-04 03:27:47
SUPP80339,Supplier_339,supplier339@example.com,Kolkata,West Bengal,2025-11-10 20:44:09
SUPP80340,Supplier_340,supplier340@example.com,Nagpur,Rajasthan,2024-11-10 09:59:23
SUPP80341,Supplier_341,supplier341@example.com,Pune,Uttar Pradesh,2024-04-17 08:51:27
SUPP80342,Supplier_342,supplier342@example.com,Kolkata,Rajasthan,2024-09-04 00:45:32
SUPP80343,Supplier_343,supplier343@example.com,Hyderabad,Maharashtra,2025-07-08 03:16:24
SUPP80344,Supplier_344,supplier344@example.com,Nagpur,Telangana,2025-12-02 08:42:52
SUPP80345,Supplier_345,supplier345@example.com,Mumbai,Delhi,2024-05-15 03:09:01
SUPP80346,Supplier_346,supplier346@example.com,Mumbai,Karnataka,2024-04-17 21:00:40
SUPP80347,Supplier_347,supplier347@example.com,Surat,Telangana,2023-06-15 19:17:02
SUPP80348,Supplier_348,supplier348@example.com,Hyderabad,Tamil Nadu,2024-06-18 20:59:59
SUPP80349,Supplier_349,supplier349@example.com,Hyderabad,Maharashtra,2024-11-23 12:40:11
SUPP80350,Supplier_350,supplier350@example.com,Chennai,Gujarat,2023-12-29 04:12:09
SUPP80351,Supplier_351,supplier351@example.com,Nagpur,West Bengal,2024-07-05 05:31:03
SUPP80352,Supplier_352,supplier352@example.com,Lucknow,Tamil Nadu,2024-09-21 08:06:50
SUPP80353,Supplier_353,supplier353@example.com,Mumbai,Maharashtra,2024-07-08 13:09:00
SUPP80354,Supplier_354,supplier354@example.com,Delhi,West Bengal,2025-10-16 02:09:28
SUPP80355,Supplier_355,supplier355@example.com,Ahmedabad,Rajasthan,2023-03-11 17:02:00
SUPP80356,Supplier_356,supplier356@example.com,Mumbai,Maharashtra,2024-01-21 11:30:48
SUPP80357,Supplier_357,supplier357@example.com,Chennai,Maharashtra,2025-05-28 10:37:02
SUPP80358,Supplier_358,supplier358@example.com,Mumbai,Karnataka,2023-11-11 06:22:43
SUPP80359,Supplier_359,supplier359@example.com,Jaipur,Maharashtra,2023-10-24 22:35:00
SUPP80360,Supplier_360,supplier360@example.com,Kolkata,Maharashtra,2025-10-24 12:35:50
SUPP80361,Supplier_361,supplier361@example.com,Mumbai,Maharashtra,2025-05-18 18:07:08
SUPP80362,Supplier_362,supplier362@example.com,Jaipur,Maharashtra,2024-06-05 19:03:29
SUPP80363,Supplier_363,supplier363@example.com,Lucknow,Maharashtra,2024-06-04 18:57:31
SUPP80364,Supplier_364,supplier364@example.com,Surat,West Bengal,2025-06-28 12:21:25
SUPP80365,Supplier_365,supplier365@example.com,Nagpur,West Bengal,2025-07-20 21:31:13
SUPP80366,Supplier_366,supplier366@example.com,Mumbai,Gujarat,2025-11-01 14:37:40
SUPP80367,Supplier_367,supplier367@example.com,Mumbai,West Bengal,2024-04-20 03:28:02
SUPP80368,Supplier_368,supplier368@example.com,Bengaluru,Delhi,2024-03-09 12:08:18
SUPP80369,Supplier_369,supplier369@example.com,Nagpur,Uttar Pradesh,2023-06-06 01:37:13
SUPP80370,Supplier_370,supplier370@example.com,Chennai,Maharashtra,2024-10-22 05:02:37
SUPP80371,Supplier_371,supplier371@example.com,Ahmedabad,Gujarat,2025-11-15 17:07:54
SUPP80372,Supplier_372,supplier372@example.com,Nagpur,Delhi,2024-01-05 18:35:54
SUPP80373,Supplier_373,supplier373@example.com,Surat,West Bengal,2024-09-21 03:54:02
SUPP80374,Supplier_374,supplier374@example.com,Hyderabad,Maharashtra,2024-11-05 06:48:35
SUPP80375,Supplier_375,supplier375@example.com,Chennai,Maharashtra,2023-06-22 00:58:01
SUPP80376,Supplier_376,supplier376@example.com,Mumbai,West Bengal,2023-07-01 16:37:54
SUPP80377,Supplier_377,supplier377@example.com,Hyderabad,Delhi,2023-08-03 23:32:52
SUPP80378,Supplier_378,supplier378@example.com,Mumbai,Delhi,2024-03-14 14:47:29
SUPP80379,Supplier_379,supplier379@example.com,Delhi,Delhi,2024-08-23 09:34:30
SUPP80380,Supplier_380,supplier380@example.com,Nagpur,Tamil Nadu,2024-09-27 06:37:45
SUPP80381,Supplier_381,supplier381@example.com,Pune,Tamil Nadu,2023-02-11 07:51:51
SUPP80382,Supplier_382,supplier382@example.com,Lucknow,Karnataka,2025-05-27 19:29:52
SUPP80383,Supplier_383,supplier383@example.com,Pune,West Bengal,2025-08-15 00:52:25
SUPP80384,Supplier_384,supplier384@example.com,Chennai,West Bengal,2023-01-12 01:09:10
SUPP80385,Supplier_385,supplier385@example.com,Kolkata,Delhi,2023-10-24 10:19:48
SUPP80386,Supplier_386,supplier386@example.com,Jaipur,Maharashtra,2023-09-01 16:34:18
SUPP80387,Supplier_387,supplier387@example.com,Kolkata,Maharashtra,2024-06-13 05:43:38
SUPP80388,Supplier_388,supplier388@example.com,Lucknow,Tamil Nadu,2023-09-02 09:12:33
SUPP80389,Supplier_389,supplier389@example.com,Lucknow,Rajasthan,2024-04-20 01:28:42
SUPP80390,Supplier_390,supplier390@example.com,Chennai,Maharashtra,2023-11-09 08:53:10
SUPP80391,Supplier_391,supplier391@example.com,Jaipur,Rajasthan,2023-08-17 04:14:57
SUPP80392,Supplier_392,supplier392@example.com,Nagpur,Maharashtra,2025-12-20 18:56:06
SUPP80393,Supplier_393,supplier393@example.com,Pune,West Bengal,2024-10-14 02:09:56
SUPP80394,Supplier_394,supplier394@example.com,Chennai,Delhi,2023-03-11 04:19:17
SUPP80395,Supplier_395,supplier395@example.com,Mumbai,Tamil Nadu,2023-02-22 21:05:38
SUPP80396,Supplier_396,supplier396@example.com,Pune,Gujarat,2024-12-03 13:39:46
SUPP80397,Supplier_397,supplier397@example.com,Mumbai,Telangana,2024-10-28 09:19:02
SUPP80398,Supplier_398,supplier398@example.com,Hyderabad,West Bengal,2025-04-24 07:04:39
SUPP80399,Supplier_399,supplier399@example.com,Pune,Gujarat,2025-11-07 13:53:59
SUPP80400,Supplier_400,supplier400@example.com,Jaipur,West Bengal,2025-06-02 19:23:52
SUPP80401,Supplier_401,supplier401@example.com,Lucknow,Gujarat,2025-04-03 00:11:06
SUPP80402,Supplier_402,supplier402@example.com,Nagpur,Maharashtra,2023-09-25 15:32:48
SUPP80403,Supplier_403,supplier403@example.com,Lucknow,Gujarat,2024-06-16 13:40:59
SUPP80404,Supplier_404,supplier404@example.com,Ahmedabad,Karnataka,2023-10-30 03:29:34
SUPP80405,Supplier_405,supplier405@example.com,Jaipur,Uttar Pradesh,2024-06-17 10:22:22
SUPP80406,Supplier_406,supplier406@example.com,Mumbai,Maharashtra,2023-08-04 02:39:27
SUPP80407,Supplier_407,supplier407@example.com,Delhi,Gujarat,2024-12-16 22:39:20
SUPP80408,Supplier_408,supplier408@example.com,Lucknow,Maharashtra,2023-10-07 04:35:17
SUPP80409,Supplier_409,supplier409@example.com,Surat,Telangana,2024-11-23 08:30:33
SUPP80410,Supplier_410,supplier410@example.com,Nagpur,Delhi,2023-10-02 19:52:20
SUPP80411,Supplier_411,supplier411@example.com,Jaipur,Maharashtra,2025-11-23 15:23:14
SUPP80412,Supplier_412,supplier412@example.com,Bengaluru,Maharashtra,2025-12-16 06:14:37
SUPP80413,Supplier_413,supplier413@example.com,Kolkata,Delhi,2024-07-10 04:21:16
SUPP80414,Supplier_414,supplier414@example.com,Jaipur,Uttar Pradesh,2023-02-21 19:25:08
SUPP80415,Supplier_415,supplier415@example.com,Surat,Delhi,2025-06-24 22:46:20
SUPP80416,Supplier_416,supplier416@example.com,Delhi,Delhi,2024-05-02 21:57:33
SUPP80417,Supplier_417,supplier417@example.com,Hyderabad,Maharashtra,2023-11-21 01:01:13
SUPP80418,Supplier_418,supplier418@example.com,Ahmedabad,Delhi,2024-04-21 15:45:19
SUPP80419,Supplier_419,supplier419@example.com,Bengaluru,Delhi,2024-07-27 02:18:11
SUPP80420,Supplier_420,supplier420@example.com,Ahmedabad,Rajasthan,2024-04-29 19:16:10
SUPP80421,Supplier_421,supplier421@example.com,Kolkata,Delhi,2024-05-03 09:58:47
SUPP80422,Supplier_422,supplier422@example.com,Chennai,Uttar Pradesh,2025-04-04 13:27:20
SUPP80423,Supplier_423,supplier423@example.com,Hyderabad,Uttar Pradesh,2024-12-23 19:46:00
SUPP80424,Supplier_424,supplier424@example.com,Kolkata,Rajasthan,2024-12-24 14:51:32
SUPP80425,Supplier_425,supplier425@example.com,Nagpur,Tamil Nadu,2024-06-03 10:20:57
SUPP80426,Supplier_426,supplier426@example.com,Pune,Uttar Pradesh,2025-10-02 18:44:06
SUPP80427,Supplier_427,supplier427@example.com,Surat,Gujarat,2025-10-28 06:00:30
SUPP80428,Supplier_428,supplier428@example.com,Ahmedabad,Karnataka,2025-03-24 21:23:46
SUPP80429,Supplier_429,supplier429@example.com,Mumbai,Uttar Pradesh,2024-11-14 12:02:19
SUPP80430,Supplier_430,supplier430@example.com,Jaipur,Telangana,2024-08-22 11:59:20
SUPP80431,Supplier_431,supplier431@example.com,Ahmedabad,Telangana,2023-10-07 13:19:27
SUPP80432,Supplier_432,supplier432@example.com,Ahmedabad,Maharashtra,2024-10-20 01:59:52
SUPP80433,Supplier_433,supplier433@example.com,Surat,Telangana,2024-11-14 13:53:05
SUPP80434,Supplier_434,supplier434@example.com,Delhi,Maharashtra,2024-02-23 21:30:00
SUPP80435,Supplier_435,supplier435@example.com,Pune,Gujarat,2023-10-28 08:28:09
SUPP80436,Supplier_436,supplier436@example.com,Delhi,Gujarat,2024-12-10 01:55:23
SUPP80437,Supplier_437,supplier437@example.com,Chennai,Gujarat,2023-11-21 01:12:06
SUPP80438,Supplier_438,supplier438@example.com,Mumbai,Rajasthan,2024-08-19 21:11:24
SUPP80439,Supplier_439,supplier439@example.com,Delhi,Maharashtra,2023-04-16 06:53:34
SUPP80440,Supplier_440,supplier440@example.com,Bengaluru,Maharashtra,2025-08-21 13:24:00
SUPP80441,Supplier_441,supplier441@example.com,Pune,Maharashtra,2025-11-13 08:51:08
SUPP80442,Supplier_442,supplier442@example.com,Mumbai,Gujarat,2024-02-16 11:17:41
SUPP80443,Supplier_443,supplier443@example.com,Jaipur,Gujarat,2024-08-17 07:59:19
SUPP80444,Supplier_444,supplier444@example.com,Jaipur,Rajasthan,2024-06-13 12:40:48
SUPP80445,Supplier_445,supplier445@example.com,Surat,Rajasthan,2024-08-09 08:06:37
SUPP80446,Supplier_446,supplier446@example.com,Hyderabad,Maharashtra,2024-07-08 09:48:13
SUPP80447,Supplier_447,supplier447@example.com,Surat,Tamil Nadu,2025-07-15 13:37:34
SUPP80448,Supplier_448,supplier448@example.com,Mumbai,Maharashtra,2024-09-09 19:37:42
SUPP80449,Supplier_449,supplier449@example.com,Hyderabad,Maharashtra,2024-06-11 18:41:28
SUPP80450,Supplier_450,supplier450@example.com,Mumbai,Karnataka,2023-06-15 12:28:10
SUPP80451,Supplier_451,supplier451@example.com,Chennai,Karnataka,2025-11-05 11:28:08
SUPP80452,Supplier_452,supplier452@example.com,Mumbai,Gujarat,2025-02-26 13:28:33
SUPP80453,Supplier_453,supplier453@example.com,Surat,Karnataka,2023-04-26 20:11:32
SUPP80454,Supplier_454,supplier454@example.com,Nagpur,Telangana,2023-11-20 03:19:31
SUPP80455,Supplier_455,supplier455@example.com,Chennai,Gujarat,2023-06-15 11:33:36
SUPP80456,Supplier_456,supplier456@example.com,Pune,Maharashtra,2023-12-09 03:42:58
SUPP80457,Supplier_457,supplier457@example.com,Mumbai,Gujarat,2023-02-23 04:12:33
SUPP80458,Supplier_458,supplier458@example.com,Lucknow,Uttar Pradesh,2024-12-25 21:23:40
SUPP80459,Supplier_459,supplier459@example.com,Hyderabad,Karnataka,2023-09-03 05:58:38
SUPP80460,Supplier_460,supplier460@example.com,Mumbai,West Bengal,2025-08-29 13:10:09
SUPP80461,Supplier_461,supplier461@example.com,Kolkata,Karnataka,2024-05-17 08:16:21
SUPP80462,Supplier_462,supplier462@example.com,Mumbai,Maharashtra,2023-01-26 08:23:50
SUPP80463,Supplier_463,supplier463@example.com,Chennai,West Bengal,2023-10-08 07:03:28
SUPP80464,Supplier_464,supplier464@example.com,Chennai,Maharashtra,2025-09-14 21:57:05
SUPP80465,Supplier_465,supplier465@example.com,Nagpur,Maharashtra,2025-08-03 17:29:11
SUPP80466,Supplier_466,supplier466@example.com,Pune,Karnataka,2024-01-25 15:07:08
SUPP80467,Supplier_467,supplier467@example.com,Kolkata,Maharashtra,2024-06-09 02:03:34
SUPP80468,Supplier_468,supplier468@example.com,Jaipur,Maharashtra,2024-05-01 16:32:26
SUPP80469,Supplier_469,supplier469@example.com,Jaipur,Maharashtra,2023-02-02 14:42:50
SUPP80470,Supplier_470,supplier470@example.com,Pune,Gujarat,2024-01-13 01:00:20
SUPP80471,Supplier_471,supplier471@example.com,Kolkata,Uttar Pradesh,2023-05-01 10:55:30
SUPP80472,Supplier_472,supplier472@example.com,Delhi,Uttar Pradesh,2023-07-02 15:36:27
SUPP80473,Supplier_473,supplier473@example.com,Ahmedabad,Maharashtra,2025-12-23 22:07:29
SUPP80474,Supplier_474,supplier474@example.com,Bengaluru,Delhi,2024-05-28 15:48:52
SUPP80475,Supplier_475,supplier475@example.com,Mumbai,Telangana,2024-06-16 02:41:05
SUPP80476,Supplier_476,supplier476@example.com,Mumbai,Telangana,2025-11-25 19:50:47
SUPP80477,Supplier_477,supplier477@example.com,Nagpur,Maharashtra,2023-02-24 18:31:44
SUPP80478,Supplier_478,supplier478@example.com,Jaipur,Gujarat,2024-01-08 14:36:48
SUPP80479,Supplier_479,supplier479@example.com,Jaipur,Gujarat,2023-02-20 16:32:40
SUPP80480,Supplier_480,supplier480@example.com,Bengaluru,Maharashtra,2024-06-23 14:45:24
SUPP80481,Supplier_481,supplier481@example.com,Bengaluru,Uttar Pradesh,2023-02-03 00:42:48
SUPP80482,Supplier_482,supplier482@example.com,Lucknow,West Bengal,2024-03-04 07:34:49
SUPP80483,Supplier_483,supplier483@example.com,Jaipur,West Bengal,2024-11-09 21:41:29
SUPP80484,Supplier_484,supplier484@example.com,Lucknow,Telangana,2024-06-02 02:47:03
SUPP80485,Supplier_485,supplier485@example.com,Nagpur,Maharashtra,2023-07-22 00:29:15
SUPP80486,Supplier_486,supplier486@example.com,Pune,Maharashtra,2025-09-26 19:37:54
SUPP80487,Supplier_487,supplier487@example.com,Kolkata,Maharashtra,2023-01-21 11:22:56
SUPP80488,Supplier_488,supplier488@example.com,Bengaluru,Tamil Nadu,2025-02-19 17:42:00
SUPP80489,Supplier_489,supplier489@example.com,Nagpur,Delhi,2023-10-28 08:55:14
SUPP80490,Supplier_490,supplier490@example.com,Ahmedabad,Karnataka,2025-03-01 22:21:09
SUPP80491,Supplier_491,supplier491@example.com,Pune,Maharashtra,2024-02-29 14:53:24
SUPP80492,Supplier_492,supplier492@example.com,Lucknow,Maharashtra,2024-11-14 10:03:44
SUPP80493,Supplier_493,supplier493@example.com,Hyderabad,Gujarat,2025-11-23 07:25:45
SUPP80494,Supplier_494,supplier494@example.com,Pune,Gujarat,2023-01-21 02:20:12
SUPP80495,Supplier_495,supplier495@example.com,Chennai,Gujarat,2023-11-15 05:40:21
SUPP80496,Supplier_496,supplier496@example.com,Hyderabad,Gujarat,2025-11-15 19:27:57
SUPP80497,Supplier_497,supplier497@example.com,Mumbai,Maharashtra,2024-10-01 18:30:04
SUPP80498,Supplier_498,supplier498@example.com,Jaipur,Tamil Nadu,2024-08-18 14:04:33
SUPP80499,Supplier_499,supplier499@example.com,Jaipur,Telangana,2024-07-18 03:53:05
SUPP80500,Supplier_500,supplier500@example.com,Hyderabad,Gujarat,2024-11-22 21:44:31
SUPP80501,Supplier_501,supplier501@example.com,Ahmedabad,Karnataka,2025-01-07 16:45:18
SUPP80502,Supplier_502,supplier502@example.com,Lucknow,Maharashtra,2023-07-23 09:54:09
SUPP80503,Supplier_503,supplier503@example.com,Nagpur,Telangana,2025-12-08 14:31:28
SUPP80504,Supplier_504,supplier504@example.com,Lucknow,Telangana,2025-01-27 15:18:06
SUPP80505,Supplier_505,supplier505@example.com,Bengaluru,Gujarat,2024-11-28 21:08:18
SUPP80506,Supplier_506,supplier506@example.com,Bengaluru,Karnataka,2024-12-29 19:01:29
SUPP80507,Supplier_507,supplier507@example.com,Jaipur,Karnataka,2024-04-09 10:15:02
SUPP80508,Supplier_508,supplier508@example.com,Nagpur,Gujarat,2025-10-17 11:56:31
SUPP80509,Supplier_509,supplier509@example.com,Pune,Rajasthan,2023-10-31 09:49:10
SUPP80510,Supplier_510,supplier510@example.com,Bengaluru,Maharashtra,2023-10-28 12:20:54
SUPP80511,Supplier_511,supplier511@example.com,Bengaluru,Tamil Nadu,2024-01-29 13:33:19
SUPP80512,Supplier_512,supplier512@example.com,Pune,Maharashtra,2023-11-01 07:03:37
SUPP80513,Supplier_513,supplier513@example.com,Nagpur,Rajasthan,2024-06-22 07:52:18
SUPP80514,Supplier_514,supplier514@example.com,Surat,Maharashtra,2024-04-12 23:36:19
SUPP80515,Supplier_515,supplier515@example.com,Pune,Gujarat,2024-10-17 13:08:16
SUPP80516,Supplier_516,supplier516@example.com,Bengaluru,Gujarat,2023-08-16 16:48:17
SUPP80517,Supplier_517,supplier517@example.com,Delhi,West Bengal,2023-06-03 22:45:30
SUPP80518,Supplier_518,supplier518@example.com,Nagpur,Rajasthan,2025-02-09 11:16:13
SUPP80519,Supplier_519,supplier519@example.com,Ahmedabad,Karnataka,2025-03-26 05:18:14
SUPP80520,Supplier_520,supplier520@example.com,Chennai,Uttar Pradesh,2023-05-27 23:19:52
SUPP80521,Supplier_521,supplier521@example.com,Hyderabad,Telangana,2023-05-31 09:29:45
SUPP80522,Supplier_522,supplier522@example.com,Pune,Rajasthan,2024-06-28 03:47:43
SUPP80523,Supplier_523,supplier523@example.com,Jaipur,West Bengal,2024-10-27 19:38:47
SUPP80524,Supplier_524,supplier524@example.com,Jaipur,Maharashtra,2025-01-25 09:04:12
SUPP80525,Supplier_525,supplier525@example.com,Chennai,Telangana,2024-07-21 13:48:50
SUPP80526,Supplier_526,supplier526@example.com,Hyderabad,Delhi,2025-11-26 23:36:43
SUPP80527,Supplier_527,supplier527@example.com,Hyderabad,Rajasthan,2023-09-19 08:03:46
SUPP80528,Supplier_528,supplier528@example.com,Kolkata,Maharashtra,2025-11-15 13:03:25
SUPP80529,Supplier_529,supplier529@example.com,Bengaluru,Karnataka,2024-10-02 22:01:21
SUPP80530,Supplier_530,supplier530@example.com,Delhi,Gujarat,2025-09-23 21:27:11
SUPP80531,Supplier_531,supplier531@example.com,Kolkata,Maharashtra,2024-01-24 23:48:12
SUPP80532,Supplier_532,supplier532@example.com,Delhi,Rajasthan,2024-03-10 22:01:45
SUPP80533,Supplier_533,supplier533@example.com,Ahmedabad,Maharashtra,2025-06-01 23:32:52
SUPP80534,Supplier_534,supplier534@example.com,Kolkata,Rajasthan,2024-05-03 01:43:06
SUPP80535,Supplier_535,supplier535@example.com,Bengaluru,Tamil Nadu,2024-07-19 03:56:13
SUPP80536,Supplier_536,supplier536@example.com,Ahmedabad,Delhi,2023-05-05 12:15:12
SUPP80537,Supplier_537,supplier537@example.com,Kolkata,Maharashtra,2023-07-25 14:19:32
SUPP80538,Supplier_538,supplier538@example.com,Nagpur,Tamil Nadu,2023-09-03 09:15:06
SUPP80539,Supplier_539,supplier539@example.com,Pune,Delhi,2024-10-17 17:59:23
SUPP80540,Supplier_540,supplier540@example.com,Lucknow,Karnataka,2025-04-02 09:50:46
SUPP80541,Supplier_541,supplier541@example.com,Jaipur,West Bengal,2023-09-09 15:02:46
SUPP80542,Supplier_542,supplier542@example.com,Jaipur,Telangana,2023-05-25 16:47:09
SUPP80543,Supplier_543,supplier543@example.com,Pune,Rajasthan,2024-06-21 08:02:03
SUPP80544,Supplier_544,supplier544@example.com,Nagpur,Telangana,2024-12-22 17:32:33
SUPP80545,Supplier_545,supplier545@example.com,Lucknow,Rajasthan,2025-07-20 12:26:16
SUPP80546,Supplier_546,supplier546@example.com,Surat,Karnataka,2025-06-01 13:54:27
SUPP80547,Supplier_547,supplier547@example.com,Ahmedabad,Maharashtra,2023-04-08 01:23:40
SUPP80548,Supplier_548,supplier548@example.com,Surat,Uttar Pradesh,2025-10-15 16:20:18
SUPP80549,Supplier_549,supplier549@example.com,Mumbai,Uttar Pradesh,2023-08-25 23:51:01
SUPP80550,Supplier_550,supplier550@example.com,Jaipur,Gujarat,2024-01-10 06:43:14
SUPP80551,Supplier_551,supplier551@example.com,Nagpur,Maharashtra,2024-12-01 05:02:44
SUPP80552,Supplier_552,supplier552@example.com,Chennai,Gujarat,2025-01-20 08:09:21
SUPP80553,Supplier_553,supplier553@example.com,Delhi,Rajasthan,2024-01-31 00:56:32
SUPP80554,Supplier_554,supplier554@example.com,Hyderabad,Maharashtra,2025-01-22 12:24:26
SUPP80555,Supplier_555,supplier555@example.com,Bengaluru,Karnataka,2025-11-12 10:13:08
SUPP80556,Supplier_556,supplier556@example.com,Pune,Tamil Nadu,2025-11-12 13:43:15
SUPP80557,Supplier_557,supplier557@example.com,Mumbai,Telangana,2024-07-27 16:26:58
SUPP80558,Supplier_558,supplier558@example.com,Delhi,Gujarat,2024-07-17 15:54:24
SUPP80559,Supplier_559,supplier559@example.com,Jaipur,West Bengal,2025-03-27 18:21:53
SUPP80560,Supplier_560,supplier560@example.com,Pune,Telangana,2025-10-30 00:18:12
SUPP80561,Supplier_561,supplier561@example.com,Surat,Maharashtra,2024-07-04 21:25:23
SUPP80562,Supplier_562,supplier562@example.com,Nagpur,Tamil Nadu,2023-10-04 03:27:55
SUPP80563,Supplier_563,supplier563@example.com,Mumbai,Tamil Nadu,2024-01-25 16:03:32
SUPP80564,Supplier_564,supplier564@example.com,Nagpur,Tamil Nadu,2024-06-06 10:05:20
SUPP80565,Supplier_565,supplier565@example.com,Hyderabad,Maharashtra,2025-05-17 11:51:40
SUPP80566,Supplier_566,supplier566@example.com,Nagpur,Maharashtra,2025-12-10 18:06:53
SUPP80567,Supplier_567,supplier567@example.com,Mumbai,Uttar Pradesh,2023-03-07 08:20:36
SUPP80568,Supplier_568,supplier568@example.com,Kolkata,Gujarat,2023-04-15 08:21:02
SUPP80569,Supplier_569,supplier569@example.com,Nagpur,Maharashtra,2025-09-13 03:20:25
SUPP80570,Supplier_570,supplier570@example.com,Kolkata,Karnataka,2024-04-22 11:30:29
SUPP80571,Supplier_571,supplier571@example.com,Pune,Maharashtra,2025-05-26 04:21:02
SUPP80572,Supplier_572,supplier572@example.com,Jaipur,Delhi,2023-11-02 00:45:40
SUPP80573,Supplier_573,supplier573@example.com,Surat,Rajasthan,2023-02-19 10:23:02
SUPP80574,Supplier_574,supplier574@example.com,Surat,Uttar Pradesh,2024-10-13 13:47:01
SUPP80575,Supplier_575,supplier575@example.com,Hyderabad,Tamil Nadu,2025-05-15 04:57:42
SUPP80576,Supplier_576,supplier576@example.com,Surat,Tamil Nadu,2025-12-21 03:00:14
SUPP80577,Supplier_577,supplier577@example.com,Pune,Rajasthan,2025-01-30 03:37:49
SUPP80578,Supplier_578,supplier578@example.com,Hyderabad,Rajasthan,2023-03-06 10:17:23
SUPP80579,Supplier_579,supplier579@example.com,Delhi,Tamil Nadu,2025-05-06 00:46:43
SUPP80580,Supplier_580,supplier580@example.com,Pune,Gujarat,2023-07-18 08:29:47
SUPP80581,Supplier_581,supplier581@example.com,Bengaluru,Maharashtra,2025-08-03 15:26:10
SUPP80582,Supplier_582,supplier582@example.com,Jaipur,Rajasthan,2023-05-28 04:07:32
SUPP80583,Supplier_583,supplier583@example.com,Surat,Uttar Pradesh,2024-07-04 23:16:57
SUPP80584,Supplier_584,supplier584@example.com,Nagpur,Gujarat,2025-01-21 23:21:55
SUPP80585,Supplier_585,supplier585@example.com,Lucknow,Rajasthan,2025-03-12 19:03:55
SUPP80586,Supplier_586,supplier586@example.com,Mumbai,Tamil Nadu,2024-11-12 12:57:18
SUPP80587,Supplier_587,supplier587@example.com,Mumbai,Gujarat,2023-02-23 15:15:23
SUPP80588,Supplier_588,supplier588@example.com,Lucknow,Gujarat,2024-04-23 12:34:36
SUPP80589,Supplier_589,supplier589@example.com,Pune,Maharashtra,2025-10-18 01:54:19
SUPP80590,Supplier_590,supplier590@example.com,Jaipur,Uttar Pradesh,2025-11-08 23:23:50
SUPP80591,Supplier_591,supplier591@example.com,Lucknow,Uttar Pradesh,2024-09-12 11:10:24
SUPP80592,Supplier_592,supplier592@example.com,Bengaluru,Uttar Pradesh,2023-10-05 22:28:32
SUPP80593,Supplier_593,supplier593@example.com,Jaipur,Tamil Nadu,2024-12-16 01:49:07
SUPP80594,Supplier_594,supplier594@example.com,Surat,Tamil Nadu,2025-07-10 07:46:58
SUPP80595,Supplier_595,supplier595@example.com,Hyderabad,Maharashtra,2025-07-07 19:39:14
SUPP80596,Supplier_596,supplier596@example.com,Ahmedabad,Gujarat,2024-10-22 11:27:02
SUPP80597,Supplier_597,supplier597@example.com,Bengaluru,Telangana,2023-05-29 18:46:01
SUPP80598,Supplier_598,supplier598@example.com,Chennai,Uttar Pradesh,2023-06-14 01:23:42
SUPP80599,Supplier_599,supplier599@example.com,Pune,Rajasthan,2023-11-10 12:19:09
SUPP80600,Supplier_600,supplier600@example.com,Pune,Maharashtra,2024-08-09 18:08:14
SUPP80601,Supplier_601,supplier601@example.com,Lucknow,Tamil Nadu,2025-05-14 16:16:58
SUPP80602,Supplier_602,supplier602@example.com,Kolkata,Maharashtra,2025-06-30 18:17:55
SUPP80603,Supplier_603,supplier603@example.com,Nagpur,Maharashtra,2023-10-19 23:28:16
SUPP80604,Supplier_604,supplier604@example.com,Surat,Telangana,2024-02-06 20:18:27
SUPP80605,Supplier_605,supplier605@example.com,Pune,Maharashtra,2025-01-09 14:30:38
SUPP80606,Supplier_606,supplier606@example.com,Bengaluru,Rajasthan,2024-04-15 00:45:14
SUPP80607,Supplier_607,supplier607@example.com,Delhi,Maharashtra,2023-07-21 07:58:59
SUPP80608,Supplier_608,supplier608@example.com,Mumbai,Rajasthan,2024-01-02 10:23:14
SUPP80609,Supplier_609,supplier609@example.com,Nagpur,Gujarat,2025-02-14 03:06:29
SUPP80610,Supplier_610,supplier610@example.com,Surat,Maharashtra,2024-07-10 19:29:04
SUPP80611,Supplier_611,supplier611@example.com,Lucknow,Uttar Pradesh,2025-04-04 01:10:23
SUPP80612,Supplier_612,supplier612@example.com,Surat,Gujarat,2023-07-29 20:44:04
SUPP80613,Supplier_613,supplier613@example.com,Hyderabad,West Bengal,2024-11-01 23:08:39
SUPP80614,Supplier_614,supplier614@example.com,Kolkata,Telangana,2024-05-21 14:41:29
SUPP80615,Supplier_615,supplier615@example.com,Nagpur,Maharashtra,2024-07-06 15:05:58
SUPP80616,Supplier_616,supplier616@example.com,Chennai,Maharashtra,2023-01-24 11:47:47
SUPP80617,Supplier_617,supplier617@example.com,Jaipur,Karnataka,2024-07-31 15:19:57
SUPP80618,Supplier_618,supplier618@example.com,Bengaluru,Uttar Pradesh,2024-12-12 00:15:53
SUPP80619,Supplier_619,supplier619@example.com,Delhi,Rajasthan,2023-09-27 11:39:47
SUPP80620,Supplier_620,supplier620@example.com,Pune,Uttar Pradesh,2024-07-08 03:35:43
SUPP80621,Supplier_621,supplier621@example.com,Ahmedabad,Rajasthan,2024-03-06 12:59:13
SUPP80622,Supplier_622,supplier622@example.com,Kolkata,Tamil Nadu,2023-06-14 20:56:41
SUPP80623,Supplier_623,supplier623@example.com,Nagpur,Maharashtra,2023-10-21 19:50:04
SUPP80624,Supplier_624,supplier624@example.com,Jaipur,Rajasthan,2025-03-12 20:36:57
SUPP80625,Supplier_625,supplier625@example.com,Chennai,Maharashtra,2024-12-26 23:23:44
SUPP80626,Supplier_626,supplier626@example.com,Pune,Rajasthan,2025-07-28 03:09:53
SUPP80627,Supplier_627,supplier627@example.com,Hyderabad,Rajasthan,2023-05-20 19:26:48
SUPP80628,Supplier_628,supplier628@example.com,Surat,Delhi,2024-03-29 19:47:39
SUPP80629,Supplier_629,supplier629@example.com,Delhi,Rajasthan,2023-04-04 03:21:21
SUPP80630,Supplier_630,supplier630@example.com,Ahmedabad,Maharashtra,2023-03-23 23:20:00
SUPP80631,Supplier_631,supplier631@example.com,Ahmedabad,Maharashtra,2025-12-25 00:23:05
SUPP80632,Supplier_632,supplier632@example.com,Surat,Karnataka,2024-10-25 03:50:38
SUPP80633,Supplier_633,supplier633@example.com,Pune,Maharashtra,2024-05-12 14:30:34
SUPP80634,Supplier_634,supplier634@example.com,Pune,Maharashtra,2023-01-12 10:59:34
SUPP80635,Supplier_635,supplier635@example.com,Nagpur,Karnataka,2025-10-05 17:06:25
SUPP80636,Supplier_636,supplier636@example.com,Kolkata,West Bengal,2024-06-19 06:34:01
SUPP80637,Supplier_637,supplier637@example.com,Jaipur,Gujarat,2025-01-29 16:43:28
SUPP80638,Supplier_638,supplier638@example.com,Jaipur,Rajasthan,2023-08-15 23:18:07
SUPP80639,Supplier_639,supplier639@example.com,Kolkata,Telangana,2025-03-10 01:08:17
SUPP80640,Supplier_640,supplier640@example.com,Chennai,Maharashtra,2024-10-21 04:58:28
SUPP80641,Supplier_641,supplier641@example.com,Jaipur,Karnataka,2024-06-03 08:31:25
SUPP80642,Supplier_642,supplier642@example.com,Pune,Delhi,2025-10-15 00:58:59
SUPP80643,Supplier_643,supplier643@example.com,Surat,Gujarat,2024-03-14 07:11:54
SUPP80644,Supplier_644,supplier644@example.com,Jaipur,Delhi,2024-09-26 22:02:19
SUPP80645,Supplier_645,supplier645@example.com,Hyderabad,Telangana,2025-02-10 22:00:54
SUPP80646,Supplier_646,supplier646@example.com,Bengaluru,Gujarat,2023-02-07 17:40:53
SUPP80647,Supplier_647,supplier647@example.com,Nagpur,Telangana,2024-04-11 08:24:39
SUPP80648,Supplier_648,supplier648@example.com,Pune,Maharashtra,2025-09-29 17:31:48
SUPP80649,Supplier_649,supplier649@example.com,Lucknow,Maharashtra,2024-10-29 22:58:49
SUPP80650,Supplier_650,supplier650@example.com,Bengaluru,Gujarat,2023-11-14 07:08:48
SUPP80651,Supplier_651,supplier651@example.com,Pune,Gujarat,2023-06-06 21:10:19
SUPP80652,Supplier_652,supplier652@example.com,Ahmedabad,Maharashtra,2025-06-22 19:30:00
SUPP80653,Supplier_653,supplier653@example.com,Delhi,Gujarat,2025-10-14 06:08:08
SUPP80654,Supplier_654,supplier654@example.com,Mumbai,Gujarat,2025-02-02 08:52:23
SUPP80655,Supplier_655,supplier655@example.com,Hyderabad,Telangana,2023-10-04 01:03:05
SUPP80656,Supplier_656,supplier656@example.com,Ahmedabad,Gujarat,2024-08-07 18:28:41
SUPP80657,Supplier_657,supplier657@example.com,Kolkata,West Bengal,2024-12-31 00:28:46
SUPP80658,Supplier_658,supplier658@example.com,Nagpur,Gujarat,2023-11-20 11:44:08
SUPP80659,Supplier_659,supplier659@example.com,Lucknow,Maharashtra,2023-08-21 17:20:38
SUPP80660,Supplier_660,supplier660@example.com,Ahmedabad,Karnataka,2025-02-02 12:56:27
SUPP80661,Supplier_661,supplier661@example.com,Hyderabad,Telangana,2025-06-19 08:51:05
SUPP80662,Supplier_662,supplier662@example.com,Hyderabad,Uttar Pradesh,2024-05-21 15:54:00
SUPP80663,Supplier_663,supplier663@example.com,Kolkata,Gujarat,2023-12-12 16:26:37
SUPP80664,Supplier_664,supplier664@example.com,Lucknow,Maharashtra,2023-01-18 07:02:56
SUPP80665,Supplier_665,supplier665@example.com,Ahmedabad,Uttar Pradesh,2024-02-05 21:32:01
SUPP80666,Supplier_666,supplier666@example.com,Ahmedabad,Maharashtra,2025-09-17 00:07:48
SUPP80667,Supplier_667,supplier667@example.com,Mumbai,West Bengal,2025-06-14 23:07:44
SUPP80668,Supplier_668,supplier668@example.com,Jaipur,Telangana,2024-04-03 15:17:36
SUPP80669,Supplier_669,supplier669@example.com,Surat,Maharashtra,2025-05-08 08:59:10
SUPP80670,Supplier_670,supplier670@example.com,Hyderabad,Karnataka,2024-02-11 16:57:53
SUPP80671,Supplier_671,supplier671@example.com,Mumbai,Maharashtra,2024-11-24 09:28:25
SUPP80672,Supplier_672,supplier672@example.com,Bengaluru,Maharashtra,2023-02-21 21:31:30
SUPP80673,Supplier_673,supplier673@example.com,Pune,Tamil Nadu,2024-03-10 21:41:22
SUPP80674,Supplier_674,supplier674@example.com,Mumbai,West Bengal,2023-11-27 09:17:11
SUPP80675,Supplier_675,supplier675@example.com,Pune,Rajasthan,2023-09-24 00:47:25
SUPP80676,Supplier_676,supplier676@example.com,Ahmedabad,Maharashtra,2025-01-07 22:36:03
SUPP80677,Supplier_677,supplier677@example.com,Nagpur,West Bengal,2024-11-05 04:31:47
SUPP80678,Supplier_678,supplier678@example.com,Lucknow,Tamil Nadu,2023-12-24 07:48:57
SUPP80679,Supplier_679,supplier679@example.com,Kolkata,Telangana,2023-01-26 06:49:26
SUPP80680,Supplier_680,supplier680@example.com,Ahmedabad,Maharashtra,2023-09-27 11:34:11
SUPP80681,Supplier_681,supplier681@example.com,Jaipur,Maharashtra,2025-02-27 04:53:08
SUPP80682,Supplier_682,supplier682@example.com,Kolkata,Gujarat,2025-09-30 14:27:57
SUPP80683,Supplier_683,supplier683@example.com,Surat,Maharashtra,2024-06-06 17:24:21
SUPP80684,Supplier_684,supplier684@example.com,Hyderabad,West Bengal,2023-12-11 17:16:04
SUPP80685,Supplier_685,supplier685@example.com,Jaipur,Delhi,2024-12-26 12:18:49
SUPP80686,Supplier_686,supplier686@example.com,Jaipur,West Bengal,2023-08-27 10:45:27
SUPP80687,Supplier_687,supplier687@example.com,Delhi,Maharashtra,2025-06-20 03:35:14
SUPP80688,Supplier_688,supplier688@example.com,Hyderabad,Gujarat,2025-09-10 22:21:00
SUPP80689,Supplier_689,supplier689@example.com,Chennai,Tamil Nadu,2024-03-01 07:50:54
SUPP80690,Supplier_690,supplier690@example.com,Ahmedabad,West Bengal,2024-03-29 10:17:14
SUPP80691,Supplier_691,supplier691@example.com,Ahmedabad,Rajasthan,2023-04-19 20:42:35
SUPP80692,Supplier_692,supplier692@example.com,Bengaluru,Rajasthan,2025-05-05 08:24:42
SUPP80693,Supplier_693,supplier693@example.com,Surat,West Bengal,2024-05-11 23:52:00
SUPP80694,Supplier_694,supplier694@example.com,Ahmedabad,Telangana,2023-10-31 03:04:15
SUPP80695,Supplier_695,supplier695@example.com,Kolkata,Maharashtra,2024-01-20 01:05:13
SUPP80696,Supplier_696,supplier696@example.com,Kolkata,Maharashtra,2024-03-30 10:20:32
SUPP80697,Supplier_697,supplier697@example.com,Nagpur,Telangana,2024-08-06 04:09:38
SUPP80698,Supplier_698,supplier698@example.com,Chennai,Maharashtra,2025-12-04 04:56:07
SUPP80699,Supplier_699,supplier699@example.com,Kolkata,Gujarat,2023-07-31 22:03:38
SUPP80700,Supplier_700,supplier700@example.com,Hyderabad,Uttar Pradesh,2023-01-21 18:51:21
SUPP80701,Supplier_701,supplier701@example.com,Kolkata,Gujarat,2025-12-10 08:02:24
SUPP80702,Supplier_702,supplier702@example.com,Nagpur,Maharashtra,2025-07-01 23:54:07
SUPP80703,Supplier_703,supplier703@example.com,Jaipur,Maharashtra,2024-01-27 09:29:39
SUPP80704,Supplier_704,supplier704@example.com,Kolkata,Maharashtra,2025-09-13 05:29:07
SUPP80705,Supplier_705,supplier705@example.com,Nagpur,Maharashtra,2024-10-21 09:28:24
SUPP80706,Supplier_706,supplier706@example.com,Jaipur,Delhi,2023-10-18 01:32:20
SUPP80707,Supplier_707,supplier707@example.com,Pune,Maharashtra,2023-05-29 17:31:20
SUPP80708,Supplier_708,supplier708@example.com,Nagpur,Rajasthan,2024-12-13 19:56:44
SUPP80709,Supplier_709,supplier709@example.com,Nagpur,Gujarat,2025-07-23 03:17:23
SUPP80710,Supplier_710,supplier710@example.com,Mumbai,Karnataka,2024-04-04 01:36:15
SUPP80711,Supplier_711,supplier711@example.com,Surat,Maharashtra,2025-03-18 23:14:23
SUPP80712,Supplier_712,supplier712@example.com,Jaipur,West Bengal,2023-08-31 21:04:33
SUPP80713,Supplier_713,supplier713@example.com,Bengaluru,Maharashtra,2024-08-23 01:39:52
SUPP80714,Supplier_714,supplier714@example.com,Jaipur,Maharashtra,2024-07-30 17:54:33
SUPP80715,Supplier_715,supplier715@example.com,Jaipur,Maharashtra,2024-07-21 19:05:29
SUPP80716,Supplier_716,supplier716@example.com,Pune,Delhi,2023-12-09 01:41:29
SUPP80717,Supplier_717,supplier717@example.com,Kolkata,Tamil Nadu,2024-01-01 12:33:38
SUPP80718,Supplier_718,supplier718@example.com,Lucknow,Tamil Nadu,2023-07-12 09:20:46
SUPP80719,Supplier_719,supplier719@example.com,Chennai,Maharashtra,2024-02-04 23:37:43
SUPP80720,Supplier_720,supplier720@example.com,Jaipur,Delhi,2025-06-09 21:51:01
SUPP80721,Supplier_721,supplier721@example.com,Jaipur,Rajasthan,2025-09-25 10:02:32
SUPP80722,Supplier_722,supplier722@example.com,Hyderabad,Telangana,2025-03-08 07:34:35
SUPP80723,Supplier_723,supplier723@example.com,Surat,West Bengal,2025-11-11 10:21:15
SUPP80724,Supplier_724,supplier724@example.com,Delhi,Maharashtra,2025-06-16 14:46:24
SUPP80725,Supplier_725,supplier725@example.com,Nagpur,Maharashtra,2024-05-12 22:59:07
SUPP80726,Supplier_726,supplier726@example.com,Chennai,Uttar Pradesh,2024-06-04 06:32:16
SUPP80727,Supplier_727,supplier727@example.com,Bengaluru,Maharashtra,2024-06-07 17:47:35
SUPP80728,Supplier_728,supplier728@example.com,Mumbai,Telangana,2024-06-20 07:32:57
SUPP80729,Supplier_729,supplier729@example.com,Kolkata,Gujarat,2025-09-05 18:22:42
SUPP80730,Supplier_730,supplier730@example.com,Bengaluru,Gujarat,2023-10-23 12:19:43
SUPP80731,Supplier_731,supplier731@example.com,Chennai,Gujarat,2024-01-24 19:26:40
SUPP80732,Supplier_732,supplier732@example.com,Pune,Delhi,2025-08-22 15:05:00
SUPP80733,Supplier_733,supplier733@example.com,Ahmedabad,Telangana,2024-09-20 07:38:35
SUPP80734,Supplier_734,supplier734@example.com,Kolkata,Uttar Pradesh,2025-08-03 03:36:31
SUPP80735,Supplier_735,supplier735@example.com,Mumbai,Maharashtra,2024-12-26 19:33:10
SUPP80736,Supplier_736,supplier736@example.com,Mumbai,Rajasthan,2025-05-02 16:07:06
SUPP80737,Supplier_737,supplier737@example.com,Delhi,Maharashtra,2025-01-10 21:58:29
SUPP80738,Supplier_738,supplier738@example.com,Kolkata,Gujarat,2023-05-20 08:20:15
SUPP80739,Supplier_739,supplier739@example.com,Chennai,Rajasthan,2024-11-19 08:49:30
SUPP80740,Supplier_740,supplier740@example.com,Jaipur,Uttar Pradesh,2023-09-16 09:14:03
SUPP80741,Supplier_741,supplier741@example.com,Surat,Rajasthan,2023-08-08 05:00:17
SUPP80742,Supplier_742,supplier742@example.com,Chennai,Maharashtra,2024-05-22 23:06:26
SUPP80743,Supplier_743,supplier743@example.com,Lucknow,Uttar Pradesh,2024-10-28 12:25:05
SUPP80744,Supplier_744,supplier744@example.com,Surat,Rajasthan,2024-12-18 11:09:55
SUPP80745,Supplier_745,supplier745@example.com,Kolkata,Rajasthan,2024-07-13 02:10:44
SUPP80746,Supplier_746,supplier746@example.com,Mumbai,Maharashtra,2025-10-02 17:03:25
SUPP80747,Supplier_747,supplier747@example.com,Lucknow,West Bengal,2025-08-26 21:07:22
SUPP80748,Supplier_748,supplier748@example.com,Mumbai,Maharashtra,2024-09-05 04:32:28
SUPP80749,Supplier_749,supplier749@example.com,Mumbai,Maharashtra,2023-02-02 20:22:01
SUPP80750,Supplier_750,supplier750@example.com,Mumbai,Uttar Pradesh,2025-01-02 09:07:42
SUPP80751,Supplier_751,supplier751@example.com,Ahmedabad,Rajasthan,2024-10-13 17:25:24
SUPP80752,Supplier_752,supplier752@example.com,Pune,Tamil Nadu,2025-10-20 01:32:25
SUPP80753,Supplier_753,supplier753@example.com,Nagpur,Karnataka,2024-08-01 08:36:40
SUPP80754,Supplier_754,supplier754@example.com,Lucknow,Telangana,2024-06-29 09:27:52
SUPP80755,Supplier_755,supplier755@example.com,Mumbai,Tamil Nadu,2025-07-20 15:14:46
SUPP80756,Supplier_756,supplier756@example.com,Jaipur,Maharashtra,2023-10-15 11:13:50
SUPP80757,Supplier_757,supplier757@example.com,Bengaluru,West Bengal,2025-07-20 02:52:01
SUPP80758,Supplier_758,supplier758@example.com,Chennai,Karnataka,2025-01-20 02:51:08
SUPP80759,Supplier_759,supplier759@example.com,Hyderabad,Tamil Nadu,2023-07-05 03:24:14
SUPP80760,Supplier_760,supplier760@example.com,Pune,Telangana,2023-10-10 18:52:10
SUPP80761,Supplier_761,supplier761@example.com,Lucknow,Maharashtra,2023-08-25 13:28:18
SUPP80762,Supplier_762,supplier762@example.com,Lucknow,Maharashtra,2024-02-28 00:26:17
SUPP80763,Supplier_763,supplier763@example.com,Delhi,Tamil Nadu,2025-08-21 01:40:02
SUPP80764,Supplier_764,supplier764@example.com,Delhi,Karnataka,2024-05-17 00:27:48
SUPP80765,Supplier_765,supplier765@example.com,Pune,West Bengal,2023-12-21 06:58:52
SUPP80766,Supplier_766,supplier766@example.com,Kolkata,Karnataka,2025-10-01 13:17:19
SUPP80767,Supplier_767,supplier767@example.com,Lucknow,Maharashtra,2025-04-11 03:12:54
SUPP80768,Supplier_768,supplier768@example.com,Surat,Maharashtra,2023-02-16 03:41:12
SUPP80769,Supplier_769,supplier769@example.com,Lucknow,Delhi,2025-04-20 17:01:57
SUPP80770,Supplier_770,supplier770@example.com,Pune,Tamil Nadu,2025-12-09 14:50:49
SUPP80771,Supplier_771,supplier771@example.com,Lucknow,Gujarat,2024-02-09 01:27:34
SUPP80772,Supplier_772,supplier772@example.com,Pune,Maharashtra,2024-01-06 19:31:33
SUPP80773,Supplier_773,supplier773@example.com,Surat,Karnataka,2024-12-28 20:48:14
SUPP80774,Supplier_774,supplier774@example.com,Kolkata,Maharashtra,2024-01-07 17:09:24
SUPP80775,Supplier_775,supplier775@example.com,Nagpur,Gujarat,2023-10-26 13:26:27
SUPP80776,Supplier_776,supplier776@example.com,Jaipur,Rajasthan,2023-10-21 14:44:35
SUPP80777,Supplier_777,supplier777@example.com,Chennai,Uttar Pradesh,2025-06-21 15:42:53
SUPP80778,Supplier_778,supplier778@example.com,Chennai,West Bengal,2023-09-09 22:29:18
SUPP80779,Supplier_779,supplier779@example.com,Lucknow,Uttar Pradesh,2025-02-25 03:04:06
SUPP80780,Supplier_780,supplier780@example.com,Ahmedabad,Maharashtra,2023-04-14 05:39:41
SUPP80781,Supplier_781,supplier781@example.com,Lucknow,Gujarat,2023-04-19 10:17:31
SUPP80782,Supplier_782,supplier782@example.com,Mumbai,Maharashtra,2024-10-11 13:37:49
SUPP80783,Supplier_783,supplier783@example.com,Mumbai,Maharashtra,2025-08-02 11:45:01
SUPP80784,Supplier_784,supplier784@example.com,Mumbai,Uttar Pradesh,2024-09-10 18:42:47
SUPP80785,Supplier_785,supplier785@example.com,Mumbai,Gujarat,2023-03-17 10:51:31
SUPP80786,Supplier_786,supplier786@example.com,Pune,Maharashtra,2024-04-08 15:50:31
SUPP80787,Supplier_787,supplier787@example.com,Surat,Maharashtra,2024-09-18 17:32:14
SUPP80788,Supplier_788,supplier788@example.com,Hyderabad,Karnataka,2025-11-01 07:41:52
SUPP80789,Supplier_789,supplier789@example.com,Ahmedabad,Gujarat,2025-02-11 16:37:52
SUPP80790,Supplier_790,supplier790@example.com,Surat,Gujarat,2025-02-23 11:03:26
SUPP80791,Supplier_791,supplier791@example.com,Chennai,Gujarat,2025-03-30 08:43:33
SUPP80792,Supplier_792,supplier792@example.com,Surat,West Bengal,2023-01-29 02:07:04
SUPP80793,Supplier_793,supplier793@example.com,Surat,Maharashtra,2024-05-22 19:53:06
SUPP80794,Supplier_794,supplier794@example.com,Bengaluru,Maharashtra,2024-02-10 13:32:33
SUPP80795,Supplier_795,supplier795@example.com,Bengaluru,West Bengal,2024-07-19 22:36:35
SUPP80796,Supplier_796,supplier796@example.com,Surat,Karnataka,2025-04-19 05:31:20
SUPP80797,Supplier_797,supplier797@example.com,Nagpur,Maharashtra,2024-12-20 14:12:36
SUPP80798,Supplier_798,supplier798@example.com,Delhi,West Bengal,2024-12-06 23:16:33
SUPP80799,Supplier_799,supplier799@example.com,Nagpur,Maharashtra,2025-03-18 10:18:31
SUPP80800,Supplier_800,supplier800@example.com,Mumbai,West Bengal,2024-10-28 12:48:37
SUPP80801,Supplier_801,supplier801@example.com,Nagpur,Uttar Pradesh,2024-03-11 07:08:59
SUPP80802,Supplier_802,supplier802@example.com,Mumbai,Telangana,2024-09-21 13:12:01
SUPP80803,Supplier_803,supplier803@example.com,Bengaluru,Gujarat,2023-04-29 14:49:20
SUPP80804,Supplier_804,supplier804@example.com,Lucknow,Delhi,2025-04-28 19:32:30
SUPP80805,Supplier_805,supplier805@example.com,Nagpur,Maharashtra,2025-08-16 19:41:56
SUPP80806,Supplier_806,supplier806@example.com,Ahmedabad,West Bengal,2024-09-26 21:25:45
SUPP80807,Supplier_807,supplier807@example.com,Chennai,Tamil Nadu,2024-06-26 02:28:21
SUPP80808,Supplier_808,supplier808@example.com,Mumbai,Maharashtra,2023-02-08 18:46:29
SUPP80809,Supplier_809,supplier809@example.com,Hyderabad,Rajasthan,2024-02-04 03:33:51
SUPP80810,Supplier_810,supplier810@example.com,Hyderabad,Uttar Pradesh,2025-08-05 09:19:20
SUPP80811,Supplier_811,supplier811@example.com,Nagpur,Delhi,2024-09-03 20:58:02
SUPP80812,Supplier_812,supplier812@example.com,Kolkata,Delhi,2024-02-05 03:43:34
SUPP80813,Supplier_813,supplier813@example.com,Pune,Delhi,2023-12-07 04:56:20
SUPP80814,Supplier_814,supplier814@example.com,Jaipur,West Bengal,2023-07-18 22:27:19
SUPP80815,Supplier_815,supplier815@example.com,Chennai,Karnataka,2025-09-03 10:33:56
SUPP80816,Supplier_816,supplier816@example.com,Delhi,Telangana,2025-06-10 15:27:35
SUPP80817,Supplier_817,supplier817@example.com,Lucknow,Rajasthan,2025-11-29 01:06:20
SUPP80818,Supplier_818,supplier818@example.com,Mumbai,Maharashtra,2023-07-31 19:49:11
SUPP80819,Supplier_819,supplier819@example.com,Surat,Delhi,2023-07-23 15:25:46
SUPP80820,Supplier_820,supplier820@example.com,Surat,Maharashtra,2024-05-17 17:45:16
SUPP80821,Supplier_821,supplier821@example.com,Pune,Maharashtra,2023-11-03 16:41:30
SUPP80822,Supplier_822,supplier822@example.com,Hyderabad,Gujarat,2023-04-10 16:36:33
SUPP80823,Supplier_823,supplier823@example.com,Surat,Uttar Pradesh,2024-07-17 05:32:20
SUPP80824,Supplier_824,supplier824@example.com,Bengaluru,Delhi,2024-08-22 15:44:39
SUPP80825,Supplier_825,supplier825@example.com,Jaipur,Rajasthan,2025-01-09 07:25:44
SUPP80826,Supplier_826,supplier826@example.com,Bengaluru,Maharashtra,2025-07-02 12:36:18
SUPP80827,Supplier_827,supplier827@example.com,Mumbai,Tamil Nadu,2024-06-10 02:41:38
SUPP80828,Supplier_828,supplier828@example.com,Surat,Tamil Nadu,2025-01-19 11:46:03
SUPP80829,Supplier_829,supplier829@example.com,Lucknow,Rajasthan,2023-06-07 10:38:14
SUPP80830,Supplier_830,supplier830@example.com,Surat,Rajasthan,2025-07-26 18:56:28
SUPP80831,Supplier_831,supplier831@example.com,Lucknow,Uttar Pradesh,2024-10-30 11:38:02
SUPP80832,Supplier_832,supplier832@example.com,Hyderabad,Karnataka,2023-12-24 03:32:40
SUPP80833,Supplier_833,supplier833@example.com,Pune,West Bengal,2023-03-06 08:22:09
SUPP80834,Supplier_834,supplier834@example.com,Bengaluru,Uttar Pradesh,2024-05-09 13:40:42
SUPP80835,Supplier_835,supplier835@example.com,Mumbai,Maharashtra,2025-01-26 13:44:03
SUPP80836,Supplier_836,supplier836@example.com,Hyderabad,Telangana,2024-12-04 17:43:19
SUPP80837,Supplier_837,supplier837@example.com,Ahmedabad,Uttar Pradesh,2023-07-29 17:41:02
SUPP80838,Supplier_838,supplier838@example.com,Lucknow,Maharashtra,2023-10-15 18:40:20
SUPP80839,Supplier_839,supplier839@example.com,Pune,Maharashtra,2025-08-17 03:43:27
SUPP80840,Supplier_840,supplier840@example.com,Surat,Karnataka,2024-01-21 23:16:11
SUPP80841,Supplier_841,supplier841@example.com,Hyderabad,Maharashtra,2024-03-17 09:57:56
SUPP80842,Supplier_842,supplier842@example.com,Delhi,Delhi,2025-06-04 22:25:29
SUPP80843,Supplier_843,supplier843@example.com,Mumbai,West Bengal,2023-05-16 04:42:35
SUPP80844,Supplier_844,supplier844@example.com,Chennai,West Bengal,2023-09-01 14:55:40
SUPP80845,Supplier_845,supplier845@example.com,Chennai,Rajasthan,2025-02-12 21:14:17
SUPP80846,Supplier_846,supplier846@example.com,Delhi,West Bengal,2023-07-14 22:59:22
SUPP80847,Supplier_847,supplier847@example.com,Hyderabad,Tamil Nadu,2023-08-31 12:01:38
SUPP80848,Supplier_848,supplier848@example.com,Bengaluru,Uttar Pradesh,2023-06-08 15:10:35
SUPP80849,Supplier_849,supplier849@example.com,Bengaluru,Gujarat,2023-09-16 10:15:48
SUPP80850,Supplier_850,supplier850@example.com,Delhi,Tamil Nadu,2025-06-20 22:18:13
SUPP80851,Supplier_851,supplier851@example.com,Jaipur,Gujarat,2025-11-28 09:05:15
SUPP80852,Supplier_852,supplier852@example.com,Jaipur,Maharashtra,2023-08-02 00:31:26
SUPP80853,Supplier_853,supplier853@example.com,Mumbai,Maharashtra,2023-02-15 19:07:49
SUPP80854,Supplier_854,supplier854@example.com,Pune,Uttar Pradesh,2025-06-27 02:53:42
SUPP80855,Supplier_855,supplier855@example.com,Mumbai,Maharashtra,2024-08-14 15:50:54
SUPP80856,Supplier_856,supplier856@example.com,Hyderabad,Maharashtra,2025-02-23 14:05:48
SUPP80857,Supplier_857,supplier857@example.com,Surat,Maharashtra,2025-12-21 18:05:28
SUPP80858,Supplier_858,supplier858@example.com,Kolkata,Telangana,2025-03-04 15:26:34
SUPP80859,Supplier_859,supplier859@example.com,Ahmedabad,Gujarat,2025-09-08 03:23:23
SUPP80860,Supplier_860,supplier860@example.com,Nagpur,Karnataka,2024-01-24 19:36:55
SUPP80861,Supplier_861,supplier861@example.com,Bengaluru,Maharashtra,2023-10-29 13:44:50
SUPP80862,Supplier_862,supplier862@example.com,Mumbai,Gujarat,2023-01-14 21:29:48
SUPP80863,Supplier_863,supplier863@example.com,Hyderabad,West Bengal,2025-04-20 12:37:21
SUPP80864,Supplier_864,supplier864@example.com,Jaipur,Karnataka,2024-05-27 18:56:12
SUPP80865,Supplier_865,supplier865@example.com,Jaipur,Delhi,2023-02-10 21:54:01
SUPP80866,Supplier_866,supplier866@example.com,Lucknow,Rajasthan,2025-08-12 04:48:58
SUPP80867,Supplier_867,supplier867@example.com,Surat,Rajasthan,2023-08-04 13:51:31
SUPP80868,Supplier_868,supplier868@example.com,Lucknow,West Bengal,2025-11-19 15:11:17
SUPP80869,Supplier_869,supplier869@example.com,Jaipur,Gujarat,2023-01-14 07:03:11
SUPP80870,Supplier_870,supplier870@example.com,Delhi,West Bengal,2025-12-01 01:37:13
SUPP80871,Supplier_871,supplier871@example.com,Chennai,Maharashtra,2024-06-23 21:15:00
SUPP80872,Supplier_872,supplier872@example.com,Bengaluru,Rajasthan,2025-08-30 21:45:34
SUPP80873,Supplier_873,supplier873@example.com,Chennai,Karnataka,2024-02-16 09:21:47
SUPP80874,Supplier_874,supplier874@example.com,Surat,Rajasthan,2023-11-04 12:27:43
SUPP80875,Supplier_875,supplier875@example.com,Pune,Karnataka,2024-11-16 00:29:51
SUPP80876,Supplier_876,supplier876@example.com,Ahmedabad,Tamil Nadu,2024-03-07 21:06:12
SUPP80877,Supplier_877,supplier877@example.com,Hyderabad,Karnataka,2023-11-05 05:09:28
SUPP80878,Supplier_878,supplier878@example.com,Mumbai,Gujarat,2024-09-23 11:32:07
SUPP80879,Supplier_879,supplier879@example.com,Nagpur,Rajasthan,2024-05-19 18:06:33
SUPP80880,Supplier_880,supplier880@example.com,Jaipur,Telangana,2025-03-23 05:45:19
SUPP80881,Supplier_881,supplier881@example.com,Kolkata,West Bengal,2025-06-19 16:21:45
SUPP80882,Supplier_882,supplier882@example.com,Jaipur,Maharashtra,2023-05-26 01:38:47
SUPP80883,Supplier_883,supplier883@example.com,Ahmedabad,Delhi,2025-06-28 10:30:24
SUPP80884,Supplier_884,supplier884@example.com,Kolkata,Rajasthan,2025-03-24 10:28:51
SUPP80885,Supplier_885,supplier885@example.com,Mumbai,Delhi,2023-10-02 18:38:31
SUPP80886,Supplier_886,supplier886@example.com,Ahmedabad,Uttar Pradesh,2023-10-17 11:57:34
SUPP80887,Supplier_887,supplier887@example.com,Surat,Uttar Pradesh,2023-11-21 06:52:31
SUPP80888,Supplier_888,supplier888@example.com,Surat,Gujarat,2023-09-21 05:38:21
SUPP80889,Supplier_889,supplier889@example.com,Hyderabad,Delhi,2025-07-09 16:22:05
SUPP80890,Supplier_890,supplier890@example.com,Hyderabad,Maharashtra,2024-12-23 22:21:28
SUPP80891,Supplier_891,supplier891@example.com,Hyderabad,Gujarat,2024-05-22 11:42:23
SUPP80892,Supplier_892,supplier892@example.com,Nagpur,Delhi,2024-06-03 21:30:40
SUPP80893,Supplier_893,supplier893@example.com,Delhi,Gujarat,2024-07-13 23:22:34
SUPP80894,Supplier_894,supplier894@example.com,Bengaluru,Uttar Pradesh,2025-02-09 19:21:57
SUPP80895,Supplier_895,supplier895@example.com,Surat,Maharashtra,2023-09-22 08:56:08
SUPP80896,Supplier_896,supplier896@example.com,Pune,Uttar Pradesh,2025-05-26 04:48:30
SUPP80897,Supplier_897,supplier897@example.com,Chennai,Gujarat,2024-05-08 23:52:05
SUPP80898,Supplier_898,supplier898@example.com,Hyderabad,Tamil Nadu,2024-04-07 13:57:17
SUPP80899,Supplier_899,supplier899@example.com,Kolkata,Gujarat,2023-05-07 21:56:24
SUPP80900,Supplier_900,supplier900@example.com,Delhi,Rajasthan,2023-05-25 09:31:37
SUPP80901,Supplier_901,supplier901@example.com,Hyderabad,West Bengal,2025-08-28 21:45:22
SUPP80902,Supplier_902,supplier902@example.com,Pune,Delhi,2025-05-24 13:09:37
SUPP80903,Supplier_903,supplier903@example.com,Bengaluru,Rajasthan,2024-12-25 13:56:07
SUPP80904,Supplier_904,supplier904@example.com,Nagpur,Maharashtra,2024-07-07 01:51:01
SUPP80905,Supplier_905,supplier905@example.com,Hyderabad,Karnataka,2023-11-27 17:29:15
SUPP80906,Supplier_906,supplier906@example.com,Chennai,Karnataka,2023-04-18 07:33:39
SUPP80907,Supplier_907,supplier907@example.com,Jaipur,Uttar Pradesh,2024-02-06 12:22:47
SUPP80908,Supplier_908,supplier908@example.com,Kolkata,Karnataka,2023-09-26 22:21:09
SUPP80909,Supplier_909,supplier909@example.com,Chennai,Maharashtra,2024-01-05 01:56:29
SUPP80910,Supplier_910,supplier910@example.com,Pune,West Bengal,2024-02-17 23:24:34
SUPP80911,Supplier_911,supplier911@example.com,Surat,Rajasthan,2023-11-16 04:27:19
SUPP80912,Supplier_912,supplier912@example.com,Bengaluru,Maharashtra,2024-01-03 11:56:30
SUPP80913,Supplier_913,supplier913@example.com,Jaipur,Maharashtra,2023-04-09 07:54:57
SUPP80914,Supplier_914,supplier914@example.com,Pune,West Bengal,2023-06-04 18:36:25
SUPP80915,Supplier_915,supplier915@example.com,Lucknow,Telangana,2023-03-14 17:45:58
SUPP80916,Supplier_916,supplier916@example.com,Jaipur,Delhi,2025-11-24 22:01:26
SUPP80917,Supplier_917,supplier917@example.com,Bengaluru,Gujarat,2023-10-01 14:43:33
SUPP80918,Supplier_918,supplier918@example.com,Mumbai,West Bengal,2024-07-26 23:40:25
SUPP80919,Supplier_919,supplier919@example.com,Bengaluru,Telangana,2024-03-11 11:29:53
SUPP80920,Supplier_920,supplier920@example.com,Bengaluru,Uttar Pradesh,2025-06-02 10:31:32
SUPP80921,Supplier_921,supplier921@example.com,Surat,Gujarat,2025-05-05 01:35:37
SUPP80922,Supplier_922,supplier922@example.com,Pune,Maharashtra,2023-03-10 05:49:34
SUPP80923,Supplier_923,supplier923@example.com,Surat,Uttar Pradesh,2025-12-10 08:10:52
SUPP80924,Supplier_924,supplier924@example.com,Kolkata,Gujarat,2023-02-06 19:34:50
SUPP80925,Supplier_925,supplier925@example.com,Nagpur,Uttar Pradesh,2023-03-24 23:49:48
SUPP80926,Supplier_926,supplier926@example.com,Lucknow,Karnataka,2023-03-31 09:12:27
SUPP80927,Supplier_927,supplier927@example.com,Nagpur,Maharashtra,2025-07-24 01:17:39
SUPP80928,Supplier_928,supplier928@example.com,Ahmedabad,Telangana,2025-04-11 03:49:18
SUPP80929,Supplier_929,supplier929@example.com,Ahmedabad,Delhi,2025-02-23 02:31:52
SUPP80930,Supplier_930,supplier930@example.com,Hyderabad,Maharashtra,2023-10-06 06:36:43
SUPP80931,Supplier_931,supplier931@example.com,Kolkata,Gujarat,2024-03-22 07:28:04
SUPP80932,Supplier_932,supplier932@example.com,Mumbai,Telangana,2023-09-17 08:05:46
SUPP80933,Supplier_933,supplier933@example.com,Bengaluru,Maharashtra,2025-12-29 20:12:41
SUPP80934,Supplier_934,supplier934@example.com,Pune,West Bengal,2023-10-30 08:50:05
SUPP80935,Supplier_935,supplier935@example.com,Delhi,Gujarat,2023-03-06 13:03:46
SUPP80936,Supplier_936,supplier936@example.com,Surat,Rajasthan,2024-12-23 10:20:16
SUPP80937,Supplier_937,supplier937@example.com,Surat,Karnataka,2025-05-24 05:16:03
SUPP80938,Supplier_938,supplier938@example.com,Hyderabad,Karnataka,2023-06-14 02:47:07
SUPP80939,Supplier_939,supplier939@example.com,Surat,Delhi,2024-04-24 02:56:55
SUPP80940,Supplier_940,supplier940@example.com,Kolkata,Uttar Pradesh,2024-11-15 00:44:53
SUPP80941,Supplier_941,supplier941@example.com,Hyderabad,Maharashtra,2023-03-20 11:31:13
SUPP80942,Supplier_942,supplier942@example.com,Pune,Maharashtra,2023-01-04 07:44:44
SUPP80943,Supplier_943,supplier943@example.com,Ahmedabad,Gujarat,2024-04-29 11:02:52
SUPP80944,Supplier_944,supplier944@example.com,Delhi,Rajasthan,2023-08-24 22:15:50
SUPP80945,Supplier_945,supplier945@example.com,Surat,Maharashtra,2023-03-25 16:10:50
SUPP80946,Supplier_946,supplier946@example.com,Chennai,Maharashtra,2024-10-21 02:13:22
SUPP80947,Supplier_947,supplier947@example.com,Ahmedabad,Maharashtra,2023-02-20 22:30:45
SUPP80948,Supplier_948,supplier948@example.com,Hyderabad,Telangana,2025-08-18 09:02:02
SUPP80949,Supplier_949,supplier949@example.com,Chennai,Karnataka,2025-08-06 09:28:22
SUPP80950,Supplier_950,supplier950@example.com,Chennai,Gujarat,2023-03-30 13:44:13
SUPP80951,Supplier_951,supplier951@example.com,Lucknow,Maharashtra,2024-07-18 15:44:18
SUPP80952,Supplier_952,supplier952@example.com,Lucknow,Tamil Nadu,2023-02-02 06:28:26
SUPP80953,Supplier_953,supplier953@example.com,Ahmedabad,Uttar Pradesh,2023-01-03 00:12:44
SUPP80954,Supplier_954,supplier954@example.com,Surat,Uttar Pradesh,2024-02-18 10:02:08
SUPP80955,Supplier_955,supplier955@example.com,Delhi,West Bengal,2024-06-17 22:20:53
SUPP80956,Supplier_956,supplier956@example.com,Lucknow,Maharashtra,2023-07-14 15:34:30
SUPP80957,Supplier_957,supplier957@example.com,Pune,Maharashtra,2023-06-10 21:35:39
SUPP80958,Supplier_958,supplier958@example.com,Pune,Maharashtra,2023-04-28 16:46:13
SUPP80959,Supplier_959,supplier959@example.com,Pune,Gujarat,2024-11-02 06:27:48
SUPP80960,Supplier_960,supplier960@example.com,Mumbai,Gujarat,2023-11-27 21:49:06
SUPP80961,Supplier_961,supplier961@example.com,Lucknow,Gujarat,2024-01-31 21:12:22
SUPP80962,Supplier_962,supplier962@example.com,Jaipur,Uttar Pradesh,2023-07-29 11:44:58
SUPP80963,Supplier_963,supplier963@example.com,Bengaluru,Maharashtra,2023-06-12 07:45:13
SUPP80964,Supplier_964,supplier964@example.com,Ahmedabad,Uttar Pradesh,2025-08-08 05:09:50
SUPP80965,Supplier_965,supplier965@example.com,Ahmedabad,Delhi,2024-07-05 18:58:53
SUPP80966,Supplier_966,supplier966@example.com,Kolkata,Tamil Nadu,2023-10-18 02:01:17
SUPP80967,Supplier_967,supplier967@example.com,Delhi,Gujarat,2024-09-03 09:56:57
SUPP80968,Supplier_968,supplier968@example.com,Kolkata,West Bengal,2024-11-12 12:37:01
SUPP80969,Supplier_969,supplier969@example.com,Delhi,Karnataka,2023-09-27 13:27:23
SUPP80970,Supplier_970,supplier970@example.com,Pune,Telangana,2025-09-15 17:31:45
SUPP80971,Supplier_971,supplier971@example.com,Jaipur,Uttar Pradesh,2024-05-26 17:53:47
SUPP80972,Supplier_972,supplier972@example.com,Ahmedabad,Tamil Nadu,2023-10-17 04:36:28
SUPP80973,Supplier_973,supplier973@example.com,Nagpur,Telangana,2024-08-18 08:25:03
SUPP80974,Supplier_974,supplier974@example.com,Surat,Maharashtra,2024-09-28 10:18:02
SUPP80975,Supplier_975,supplier975@example.com,Mumbai,Gujarat,2024-01-31 10:33:12
SUPP80976,Supplier_976,supplier976@example.com,Lucknow,Telangana,2025-07-25 04:04:24
SUPP80977,Supplier_977,supplier977@example.com,Jaipur,Telangana,2024-04-08 19:26:13
SUPP80978,Supplier_978,supplier978@example.com,Hyderabad,Delhi,2023-08-24 09:47:09
SUPP80979,Supplier_979,supplier979@example.com,Mumbai,Gujarat,2023-01-12 01:19:10
SUPP80980,Supplier_980,supplier980@example.com,Hyderabad,Gujarat,2023-03-25 20:45:09
SUPP80981,Supplier_981,supplier981@example.com,Lucknow,Karnataka,2023-05-28 18:43:15
SUPP80982,Supplier_982,supplier982@example.com,Kolkata,Karnataka,2024-02-19 00:41:07
SUPP80983,Supplier_983,supplier983@example.com,Chennai,Maharashtra,2023-02-24 21:38:34
SUPP80984,Supplier_984,supplier984@example.com,Mumbai,Maharashtra,2023-12-20 01:49:38
SUPP80985,Supplier_985,supplier985@example.com,Surat,Uttar Pradesh,2025-11-26 16:34:00
SUPP80986,Supplier_986,supplier986@example.com,Hyderabad,Rajasthan,2024-03-08 07:10:35
SUPP80987,Supplier_987,supplier987@example.com,Chennai,Maharashtra,2023-05-28 00:33:18
SUPP80988,Supplier_988,supplier988@example.com,Surat,Uttar Pradesh,2023-08-26 11:34:55
SUPP80989,Supplier_989,supplier989@example.com,Mumbai,Maharashtra,2024-10-23 16:35:49
SUPP80990,Supplier_990,supplier990@example.com,Hyderabad,Tamil Nadu,2024-04-01 04:45:25
SUPP80991,Supplier_991,supplier991@example.com,Pune,Tamil Nadu,2024-08-22 12:40:16
SUPP80992,Supplier_992,supplier992@example.com,Ahmedabad,Karnataka,2024-04-18 10:34:14
SUPP80993,Supplier_993,supplier993@example.com,Lucknow,Gujarat,2023-07-16 15:33:39
SUPP80994,Supplier_994,supplier994@example.com,Pune,Maharashtra,2024-09-30 03:35:43
SUPP80995,Supplier_995,supplier995@example.com,Lucknow,Delhi,2025-07-14 17:52:48
SUPP80996,Supplier_996,supplier996@example.com,Nagpur,Telangana,2024-10-19 01:31:07
SUPP80997,Supplier_997,supplier997@example.com,Hyderabad,Tamil Nadu,2025-05-25 16:33:38
SUPP80998,Supplier_998,supplier998@example.com,Lucknow,West Bengal,2025-04-10 14:57:43
SUPP80999,Supplier_999,supplier999@example.com,Pune,Uttar Pradesh,2024-10-13 10:13:55
SUPP81000,Supplier_1000,supplier1000@example.com,Ahmedabad,Delhi,2025-11-18 14:49:23
